match,decision,turn,seat,agent,action,value,complete,round_trip_seconds,decision_seconds,decision_limit_seconds,deadline_hit,lethal_proof_seconds,total_search_seconds,first_found_seconds,stabilized_seconds,remaining_search_seconds,strategy_wave,strategy_focus_position,strategy_focus_count
1,0,,0,mega_starmie,"{""kind"":""choose_start"",""parts"":[41]}",0.0,True,5.14100000000326,0.0001544999540783465,,False,,0.0001544999540783465,,,,,,
1,1,,1,mega_starmie,"{""kind"":""mulligan"",""parts"":[42]}",0.0,True,0.0,0.00022000004537403584,,False,,0.00022000004537403584,,,,,,
1,2,,1,mega_starmie,"{""kind"":""setup_active"",""parts"":[1]}",0.0,True,0.0,0.0001629000180400908,,False,,0.0001629000180400908,,,,,,
1,3,,0,mega_starmie,"{""kind"":""setup_active"",""parts"":[1]}",0.0,True,0.0,0.00023529998725280166,,False,,0.00023529998725280166,,,,,,
1,4,,0,mega_starmie,"{""kind"":""setup_bench_decline"",""parts"":[2]}",0.0,True,0.0,0.00014750001719221473,,False,,0.00014750001719221473,,,,,,
1,5,1,1,mega_starmie,"{""kind"":""play"",""parts"":[""[1,{\""type\"":7},[[2,{\""id\"":1122,\""playerIndex\"":1}]]]""]}",0.07266666666666659,True,0.15600000001722947,0.14440580003429204,115.0,False,0.015000000013969839,0.10999999998603016,0.10999999998603016,0.10999999998603016,0.0,first,1,1
1,6,1,1,mega_starmie,"{""kind"":""card"",""parts"":[""[1,{\""playerIndex\"":1,\""type\"":3},[[12,{\""id\"":1189,\""playerIndex\"":1}]]]""]}",0.396,True,0.26600000000325963,0.2577741999994032,115.0,False,0.01600000000325963,0.23399999999674037,0.21799999999348074,0.21799999999348074,0.01600000000325963,widening,,0
1,7,1,1,mega_starmie,"{""kind"":""attach"",""parts"":[""[1,{\""type\"":8},[[2,{\""id\"":3,\""playerIndex\"":1}],[4,{\""appearThisTurn\"":true,\""energies\"":[],\""energyCards\"":[],\""hp\"":160,\""id\"":666,\""maxHp\"":160,\""playerIndex\"":1,\""preEvolution\"":[],\""tools\"":[]}]]]""]}",0.09266666666666659,True,0.10899999999674037,0.10536610003327951,115.0,False,0.0,0.09299999999348074,0.061999999976251274,0.061999999976251274,0.031000000017229468,first,1,2
1,8,,1,mega_starmie,"{""kind"":""forced_selection"",""parts"":[0]}",0.0,True,0.01600000000325963,0.0028078999603167176,115.0,False,,0.0028078999603167176,,,,,,
1,9,2,0,mega_starmie,"{""kind"":""play"",""parts"":[""[0,{\""type\"":7},[[2,{\""id\"":1030,\""playerIndex\"":0}]]]""]}",1.3987076722003124,True,2.4060000000172295,2.3669926000293344,115.0,False,0.23399999999674037,2.077999999979511,2.077999999979511,2.077999999979511,0.0,widening,,1
1,10,2,0,mega_starmie,"{""kind"":""play"",""parts"":[""[0,{\""type\"":7},[[2,{\""id\"":1145,\""playerIndex\"":0}]]]""]}",1.3387076722003124,True,0.8439999999827705,0.8042456000111997,115.0,False,0.1559999999590218,0.6089999999967404,0.6089999999967404,0.6089999999967404,0.0,first,1,1
1,11,2,0,mega_starmie,"{""kind"":""card"",""parts"":[""[{\""playerIndex\"":0,\""type\"":3},[[1,{\""id\"":1031,\""playerIndex\"":0}]]]""]}",1.4220410055336457,True,0.7660000000032596,0.7370400999789126,115.0,False,0.09399999998277053,0.6400000000139698,0.45300000003771856,0.45300000003771856,0.18699999997625127,widening,,0
1,12,2,0,mega_starmie,"{""kind"":""attach"",""parts"":[""[0,{\""type\"":8},[[2,{\""id\"":1159,\""playerIndex\"":0}],[4,{\""appearThisTurn\"":false,\""energies\"":[],\""energyCards\"":[],\""hp\"":160,\""id\"":666,\""maxHp\"":160,\""playerIndex\"":0,\""preEvolution\"":[],\""tools\"":[]}]]]""]}",0.8987076722003122,True,0.40600000001722947,0.3942753999726847,115.0,False,0.030999999959021807,0.3440000000409782,0.25,0.25,0.0940000000409782,widening,,1
1,13,2,0,mega_starmie,"{""kind"":""attach"",""parts"":[""[0,{\""type\"":8},[[2,{\""id\"":3,\""playerIndex\"":0}],[4,{\""appearThisTurn\"":false,\""energies\"":[],\""energyCards\"":[],\""hp\"":260,\""id\"":666,\""maxHp\"":260,\""playerIndex\"":0,\""preEvolution\"":[],\""tools\"":[{\""id\"":1159,\""playerIndex\"":0}]}]]]""]}",0.7125700295208917,True,0.17199999996228144,0.14684419997502118,115.0,False,0.03200000000651926,0.09399999998277053,0.06300000002374873,0.06300000002374873,0.030999999959021807,first,1,1
1,14,2,0,mega_starmie,"{""kind"":""attack"",""parts"":[""[0,{\""attackId\"":965,\""type\"":13},[]]""]}",0.42990336285422504,True,0.10899999999674037,0.1052291999803856,115.0,False,0.0470000000204891,0.045999999972991645,0.045999999972991645,0.045999999972991645,0.0,first,,0
1,15,2,0,mega_starmie,"{""kind"":""card"",""parts"":[""[{\""playerIndex\"":0,\""type\"":3},[[1,{\""id\"":3,\""playerIndex\"":0}]]]""]}",0.024242424242424242,True,0.3130000000237487,0.30110889999195933,115.0,False,0.01600000000325963,0.26600000000325963,0.26600000000325963,0.26600000000325963,0.0,widening,,0
1,16,,0,mega_starmie,"{""kind"":""forced_selection"",""parts"":[21]}",0.0,True,0.0,0.0023637000122107565,115.0,False,,0.0023637000122107565,,,,,,
1,17,3,1,mega_starmie,"{""kind"":""play"",""parts"":[""[1,{\""type\"":7},[[2,{\""id\"":1120,\""playerIndex\"":1}]]]""]}",5.636595320009169,False,48.73399999999674,47.76986439997563,115.0,False,0.375,47.39000000001397,47.39000000001397,47.39000000001397,0.0,widening,,1
1,18,3,1,mega_starmie,"{""kind"":""play"",""parts"":[""[1,{\""type\"":7},[[2,{\""id\"":1086,\""playerIndex\"":1}]]]""]}",5.582850406919131,True,19.68699999997625,19.076266700052656,115.0,False,0.3279999999795109,18.73399999999674,17.17200000002049,17.17200000002049,1.5619999999762513,first,1,1
1,19,3,1,mega_starmie,"{""kind"":""card"",""parts"":[""[{\""playerIndex\"":1,\""type\"":3},[[1,{\""id\"":1030,\""playerIndex\"":1}]]]"",""[{\""playerIndex\"":1,\""type\"":3},[[1,{\""id\"":1030,\""playerIndex\"":1}]]]""]}",5.426183740252465,True,20.32900000002701,19.750064500025474,115.0,False,0.32900000002700835,19.43699999997625,12.03100000001723,12.03100000001723,7.405999999959022,widening,,0
1,20,3,1,mega_starmie,"{""kind"":""attach"",""parts"":[""[1,{\""type\"":8},[[2,{\""id\"":3,\""playerIndex\"":1}],[5,{\""appearThisTurn\"":true,\""energies\"":[],\""energyCards\"":[],\""hp\"":70,\""id\"":1030,\""maxHp\"":70,\""playerIndex\"":1,\""preEvolution\"":[],\""tools\"":[]}]]]""]}",4.856183740252464,True,9.84299999999348,9.486503000021912,115.0,False,0.29699999996228144,9.172000000020489,3.969000000040978,3.969000000040978,5.202999999979511,widening,,0
1,21,3,1,mega_starmie,"{""kind"":""retreat"",""parts"":[""[1,{\""type\"":12},[]]""]}",4.826879710948435,True,2.6570000000065193,2.4959412000025623,115.0,False,0.28200000000651926,2.202999999979511,1.952999999979511,1.952999999979511,0.25,first,,0
1,22,3,1,mega_starmie,"{""kind"":""card"",""parts"":[""[1,{\""playerIndex\"":1,\""type\"":3},[[5,{\""appearThisTurn\"":true,\""energies\"":[3],\""energyCards\"":[{\""id\"":3,\""playerIndex\"":1}],\""hp\"":70,\""id\"":1030,\""maxHp\"":70,\""playerIndex\"":1,\""preEvolution\"":[],\""tools\"":[]}]]]""]}",4.826879710948435,True,1.0459999999729916,1.0142961000092328,115.0,False,0.25,0.7650000000139698,0.5459999999729916,0.5459999999729916,0.2190000000409782,widening,,0
1,23,3,1,mega_starmie,"{""kind"":""play"",""parts"":[""[1,{\""type\"":7},[[2,{\""id\"":1189,\""playerIndex\"":1}]]]""]}",5.42655969142692,True,0.6880000000237487,0.6790661999839358,115.0,False,0.25,0.4220000000204891,0.375,0.375,0.0470000000204891,first,1,1
1,24,3,1,mega_starmie,"{""kind"":""card"",""parts"":[""[{\""playerIndex\"":1,\""type\"":3},[[1,{\""id\"":1031,\""playerIndex\"":1}]]]""]}",5.509893024760253,True,0.4529999999795109,0.42674210004042834,115.0,False,0.1720000000204891,0.25,0.20400000002700835,0.20400000002700835,0.045999999972991645,widening,,0
1,25,3,1,mega_starmie,"{""kind"":""card"",""parts"":[""[1,{\""playerIndex\"":1,\""type\"":3},[[4,{\""appearThisTurn\"":true,\""energies\"":[3],\""energyCards\"":[{\""id\"":3,\""playerIndex\"":1}],\""hp\"":70,\""id\"":1030,\""maxHp\"":70,\""playerIndex\"":1,\""preEvolution\"":[],\""tools\"":[]}]]]""]}",-0.7391703576769435,True,0.6560000000172295,0.6404853999847546,115.0,False,0.20300000003771856,0.42199999996228144,0.35899999999674037,0.35899999999674037,0.06299999996554106,widening,,0
1,26,3,1,mega_starmie,"{""kind"":""attack"",""parts"":[""[1,{\""attackId\"":1487,\""type\"":13},[]]""]}",3.620820402898775,True,0.1720000000204891,0.16733660001773387,115.0,False,0.06300000002374873,0.09399999998277053,0.030999999959021807,0.030999999959021807,0.06300000002374873,first,1,1
1,27,,1,mega_starmie,"{""kind"":""forced_selection"",""parts"":[15]}",0.0,True,0.0,0.000977399991825223,115.0,False,,0.000977399991825223,,,,,,
1,28,4,0,mega_starmie,"{""kind"":""play"",""parts"":[""[0,{\""type\"":7},[[2,{\""id\"":1145,\""playerIndex\"":0}]]]""]}",1.6809589965527962,True,1.437999999965541,1.4008372999960557,115.0,False,0.2809999999590218,1.0940000000409782,1.0780000000377186,1.0780000000377186,0.01600000000325963,first,1,1
1,29,4,0,mega_starmie,"{""kind"":""card"",""parts"":[""[{\""playerIndex\"":0,\""type\"":3},[[1,{\""id\"":1031,\""playerIndex\"":0}]]]""]}",2.3892923298861293,True,1.187000000034459,1.1486889999941923,115.0,False,0.28100000001722947,0.8589999999967404,0.48399999999674037,0.48399999999674037,0.375,widening,,0
1,30,4,0,mega_starmie,"{""kind"":""retreat"",""parts"":[""[0,{\""type\"":12},[]]""]}",2.3892923298861293,True,0.6719999999622814,0.6645783999701962,115.0,False,0.26600000000325963,0.3899999999557622,0.21899999998277053,0.21899999998277053,0.17099999997299165,first,,0
1,31,,0,mega_starmie,"{""kind"":""forced_selection"",""parts"":[3]}",0.0,True,0.01600000000325963,0.0022140999790281057,115.0,False,,0.0022140999790281057,,,,,,
1,32,4,0,mega_starmie,"{""kind"":""evolve"",""parts"":[""[0,{\""type\"":9},[[2,{\""id\"":1031,\""playerIndex\"":0}],[4,{\""appearThisTurn\"":false,\""energies\"":[3],\""energyCards\"":[{\""id\"":3,\""playerIndex\"":0}],\""hp\"":20,\""id\"":1030,\""maxHp\"":70,\""playerIndex\"":0,\""preEvolution\"":[],\""tools\"":[]}]]]""]}",2.616565057158857,True,0.14000000001396984,0.1357144999783486,115.0,False,0.0470000000204891,0.06299999996554106,0.06299999996554106,0.06299999996554106,0.0,first,1,1
1,33,4,0,mega_starmie,"{""kind"":""play"",""parts"":[""[0,{\""type\"":7},[[2,{\""id\"":1229,\""playerIndex\"":0}]]]""]}",1.9821208598908335,True,0.09399999998277053,0.10031710000475869,115.0,False,0.03200000000651926,0.046999999962281436,0.046999999962281436,0.046999999962281436,0.0,widening,,1
1,34,,0,mega_starmie,"{""kind"":""forced_selection"",""parts"":[17]}",0.0,True,0.01600000000325963,0.0018951999954879284,115.0,False,,0.0018951999954879284,,,,,,
1,35,4,0,mega_starmie,"{""kind"":""attach"",""parts"":[""[0,{\""type\"":8},[[2,{\""id\"":3,\""playerIndex\"":0}],[4,{\""appearThisTurn\"":true,\""energies\"":[],\""energyCards\"":[],\""hp\"":330,\""id\"":1031,\""maxHp\"":330,\""playerIndex\"":0,\""preEvolution\"":[{\""id\"":1030,\""playerIndex\"":0}],\""tools\"":[]}]]]""]}",2.56905467106403,True,0.0470000000204891,0.05329919996438548,115.0,False,0.015000000013969839,0.03200000000651926,0.03200000000651926,0.03200000000651926,0.0,first,1,1
1,36,4,0,mega_starmie,"{""kind"":""attack"",""parts"":[""[0,{\""attackId\"":1487,\""type\"":13},[]]""]}",1.5660243680337271,True,0.045999999972991645,0.03550679999170825,115.0,False,0.015000000013969839,0.030999999959021807,0.01600000000325963,0.01600000000325963,0.014999999955762178,first,1,1
1,37,4,0,mega_starmie,"{""kind"":""card"",""parts"":[""[1,{\""playerIndex\"":1,\""type\"":3},[[5,{\""appearThisTurn\"":false,\""energies\"":[],\""energyCards\"":[],\""hp\"":70,\""id\"":1030,\""maxHp\"":70,\""playerIndex\"":1,\""preEvolution\"":[],\""tools\"":[]}]]]""]}",0.9024881286205894,True,1.7820000000065193,1.7338318999973126,115.0,False,0.01600000000325963,1.7190000000409782,1.047000000020489,1.047000000020489,0.6720000000204891,widening,,0
1,38,5,1,mega_starmie,"{""kind"":""attach"",""parts"":[""[1,{\""type\"":8},[[2,{\""id\"":17,\""playerIndex\"":1}],[4,{\""appearThisTurn\"":false,\""energies\"":[3],\""energyCards\"":[{\""id\"":3,\""playerIndex\"":1}],\""hp\"":210,\""id\"":1031,\""maxHp\"":330,\""playerIndex\"":1,\""preEvolution\"":[{\""id\"":1030,\""playerIndex\"":1}],\""tools\"":[]}]]]""]}",6.965162305556775,True,5.51500000001397,5.321412999997847,115.0,False,0.2970000000204891,5.01600000000326,3.2969999999622814,3.2969999999622814,1.7190000000409782,widening,,2
1,39,5,1,mega_starmie,"{""kind"":""attack"",""parts"":[""[1,{\""attackId\"":1488,\""type\"":13},[]]""]}",6.257044766530145,True,2.0939999999827705,1.9998884999658912,115.0,False,0.26600000000325963,1.7179999999934807,0.125,0.125,1.5929999999934807,first,,2
1,40,6,0,mega_starmie,"{""kind"":""play"",""parts"":[""[0,{\""type\"":7},[[2,{\""id\"":1223,\""playerIndex\"":0}]]]""]}",3.401918825378087,True,0.26600000000325963,0.24729310005204752,115.0,False,0.015000000013969839,0.21899999998277053,0.21899999998277053,0.21899999998277053,0.0,widening,,1
1,41,6,0,mega_starmie,"{""kind"":""attack"",""parts"":[""[0,{\""attackId\"":1487,\""type\"":13},[]]""]}",3.1681612496205114,True,1.187000000034459,1.1409353999770246,115.0,False,0.1720000000204891,0.9529999999795109,0.9529999999795109,0.9529999999795109,0.0,first,2,2
1,42,6,0,mega_starmie,"{""kind"":""card"",""parts"":[""[1,{\""playerIndex\"":1,\""type\"":3},[[5,{\""appearThisTurn\"":false,\""energies\"":[3],\""energyCards\"":[{\""id\"":3,\""playerIndex\"":1}],\""hp\"":110,\""id\"":666,\""maxHp\"":160,\""playerIndex\"":1,\""preEvolution\"":[],\""tools\"":[]}]]]""]}",0.3354385375553215,True,9.09399999998277,8.813226300000679,115.0,False,0.030999999959021807,8.78200000000652,1.75,1.75,7.032000000006519,widening,,0
1,43,,1,mega_starmie,"{""kind"":""attack"",""parts"":[""[1,{\""attackId\"":1487,\""type\"":13},[]]""]}",0.0,True,0.28100000001722947,0.2600179999717511,115.0,False,0.25,0.2600179999717511,,,,,,
1,44,,1,mega_starmie,"{""kind"":""forced_selection"",""parts"":[15]}",0.0,True,0.0,0.0026636000256985426,115.0,False,,0.0026636000256985426,,,,,,
1,45,,1,mega_starmie,"{""kind"":""card"",""parts"":[""[{\""area\"":6,\""index\"":0,\""playerIndex\"":1,\""type\"":3},[]]"",""[{\""area\"":6,\""index\"":1,\""playerIndex\"":1,\""type\"":3},[]]"",""[{\""area\"":6,\""index\"":2,\""playerIndex\"":1,\""type\"":3},[]]""]}",0.0,True,0.2029999999795109,0.1922027000109665,115.0,False,0.18699999997625127,0.1922027000109665,,,,,,
1,46,,1,mega_starmie,"{""kind"":""card"",""parts"":[""[{\""area\"":6,\""index\"":0,\""playerIndex\"":1,\""type\"":3},[]]""]}",0.0,True,0.01600000000325963,0.011302000028081238,115.0,False,0.01600000000325963,0.011302000028081238,,,,,,
2,0,,0,mega_starmie,"{""kind"":""choose_start"",""parts"":[41]}",0.0,True,5.10899999999674,0.00015869998605921865,,False,,0.00015869998605921865,,,,,,
2,1,,1,mega_starmie,"{""kind"":""setup_active"",""parts"":[1]}",0.0,True,0.0,0.00023790000705048442,,False,,0.00023790000705048442,,,,,,
2,2,,0,mega_starmie,"{""kind"":""setup_active"",""parts"":[1]}",0.0,True,0.0,0.00023389997659251094,,False,,0.00023389997659251094,,,,,,
2,3,1,1,mega_starmie,"{""kind"":""play"",""parts"":[""[1,{\""type\"":7},[[2,{\""id\"":1122,\""playerIndex\"":1}]]]""]}",0.13999999999999996,True,1.547000000020489,1.5246916000032797,115.0,False,0.18800000002374873,1.2339999999967404,1.2339999999967404,1.2339999999967404,0.0,first,2,2
2,4,1,1,mega_starmie,"{""kind"":""card"",""parts"":[""[1,{\""playerIndex\"":1,\""type\"":3},[[12,{\""id\"":1229,\""playerIndex\"":1}]]]""]}",0.12666666666666665,True,0.6709999999729916,0.6538375000236556,115.0,False,0.25,0.40600000001722947,0.28100000001722947,0.28100000001722947,0.125,widening,,0
2,5,1,1,mega_starmie,"{""kind"":""play"",""parts"":[""[1,{\""type\"":7},[[2,{\""id\"":1086,\""playerIndex\"":1}]]]""]}",0.09666666666666661,True,0.5320000000065193,0.5229013999924064,115.0,False,0.3130000000237487,0.2029999999795109,0.18699999997625127,0.18699999997625127,0.01600000000325963,first,1,2
2,6,1,1,mega_starmie,"{""kind"":""card"",""parts"":[""[{\""playerIndex\"":1,\""type\"":3},[[1,{\""id\"":1030,\""playerIndex\"":1}]]]"",""[{\""playerIndex\"":1,\""type\"":3},[[1,{\""id\"":1030,\""playerIndex\"":1}]]]""]}",0.01749999999999996,True,0.32800000003771856,0.31989729998167604,115.0,False,0.1720000000204891,0.14000000001396984,0.10899999999674037,0.10899999999674037,0.031000000017229468,widening,,0
2,7,1,1,mega_starmie,"{""kind"":""end"",""parts"":[""[1,{\""type\"":14},[]]""]}",0.0,True,0.09399999998277053,0.08089189999736845,115.0,False,0.030999999959021807,0.0470000000204891,0.01600000000325963,0.01600000000325963,0.031000000017229468,first,,1
2,8,2,0,mega_starmie,"{""kind"":""play"",""parts"":[""[0,{\""type\"":7},[[2,{\""id\"":1122,\""playerIndex\"":0}]]]""]}",1.6181466176956207,False,82.70299999997951,81.2023610000033,115.0,False,0.3119999999762513,80.85899999999674,74.90600000001723,74.90600000001723,5.952999999979511,first,3,5
2,9,2,0,mega_starmie,"{""kind"":""card"",""parts"":[""[0,{\""playerIndex\"":0,\""type\"":3},[[12,{\""id\"":1229,\""playerIndex\"":0}]]]""]}",1.0397177179818295,True,26.01500000001397,25.51370379998116,115.0,False,0.34399999998277053,25.14000000001397,10.5,10.5,14.64000000001397,widening,,0
2,10,2,0,mega_starmie,"{""kind"":""play"",""parts"":[""[0,{\""type\"":7},[[2,{\""id\"":1145,\""playerIndex\"":0}]]]""]}",1.0047176363491765,True,10.71899999998277,10.455603499955032,115.0,False,0.2970000000204891,10.125,9.875,9.875,0.25,first,2,4
2,11,2,0,mega_starmie,"{""kind"":""card"",""parts"":[""[{\""playerIndex\"":0,\""type\"":3},[[1,{\""id\"":1031,\""playerIndex\"":0}]]]""]}",0.9497177179818297,True,7.25,7.134467200026847,115.0,False,0.3130000000237487,6.796999999962281,3.905999999959022,3.905999999959022,2.8910000000032596,widening,,0
2,12,2,0,mega_starmie,"{""kind"":""play"",""parts"":[""[0,{\""type\"":7},[[2,{\""id\"":1086,\""playerIndex\"":0}]]]""]}",0.5047176363491764,True,3.6560000000172295,3.5803802000009455,115.0,False,0.2970000000204891,3.26500000001397,2.9679999999934807,2.9679999999934807,0.2970000000204891,first,1,4
2,13,2,0,mega_starmie,"{""kind"":""card"",""parts"":[""[{\""playerIndex\"":0,\""type\"":3},[[1,{\""id\"":1030,\""playerIndex\"":0}]]]""]}",0.4330510513151628,True,2.8439999999827705,2.803615399985574,115.0,False,0.28200000000651926,2.5310000000172295,2.1089999999967404,2.1089999999967404,0.4220000000204891,widening,,0
2,14,2,0,mega_starmie,"{""kind"":""play"",""parts"":[""[0,{\""type\"":7},[[2,{\""id\"":1225,\""playerIndex\"":0}]]]""]}",0.46805096968250987,True,1.5630000000237487,1.5088394999620505,115.0,False,0.28100000001722947,1.202999999979511,1.0619999999762513,1.0619999999762513,0.14100000000325963,first,2,3
2,15,2,0,mega_starmie,"{""kind"":""card"",""parts"":[""[{\""playerIndex\"":0,\""type\"":3},[[1,{\""id\"":1031,\""playerIndex\"":0}]]]""]}",0.5513843846484962,True,0.9839999999967404,0.9191562999621965,115.0,False,0.26600000000325963,0.6399999999557622,0.29699999996228144,0.29699999996228144,0.34299999999348074,widening,,0
2,16,2,0,mega_starmie,"{""kind"":""card"",""parts"":[""[{\""playerIndex\"":0,\""type\"":3},[[1,{\""id\"":3,\""playerIndex\"":0}]]]""]}",0.5513843846484962,True,0.40600000001722947,0.3932795000146143,115.0,False,0.15600000001722947,0.21899999998277053,0.1559999999590218,0.1559999999590218,0.06300000002374873,widening,,0
2,17,2,0,mega_starmie,"{""kind"":""attach"",""parts"":[""[0,{\""type\"":8},[[2,{\""id\"":3,\""playerIndex\"":0}],[4,{\""appearThisTurn\"":false,\""energies\"":[],\""energyCards\"":[],\""hp\"":70,\""id\"":1030,\""maxHp\"":70,\""playerIndex\"":0,\""preEvolution\"":[],\""tools\"":[]}]]]""]}",0.5007176363491765,True,0.18799999996554106,0.18295370001578704,115.0,False,0.0779999999795109,0.09399999998277053,0.0779999999795109,0.0779999999795109,0.01600000000325963,first,2,2
2,18,2,0,mega_starmie,"{""kind"":""attack"",""parts"":[""[0,{\""attackId\"":1486,\""type\"":13},[]]""]}",0.2275747792063193,True,0.09299999999348074,0.08251610002480447,115.0,False,0.01600000000325963,0.061999999976251274,0.031000000017229468,0.031000000017229468,0.030999999959021807,first,,0
2,19,3,1,mega_starmie,"{""kind"":""evolve"",""parts"":[""[1,{\""type\"":9},[[2,{\""id\"":1031,\""playerIndex\"":1}],[4,{\""appearThisTurn\"":false,\""energies\"":[],\""energyCards\"":[],\""hp\"":50,\""id\"":1030,\""maxHp\"":70,\""playerIndex\"":1,\""preEvolution\"":[],\""tools\"":[]}]]]""]}",3.1173202947947867,True,8.90700000000652,8.73100530001102,115.0,False,0.3440000000409782,8.375,3.780999999959022,3.780999999959022,4.594000000040978,first,1,3
2,20,3,1,mega_starmie,"{""kind"":""play"",""parts"":[""[1,{\""type\"":7},[[2,{\""id\"":1225,\""playerIndex\"":1}]]]""]}",2.7559834304289557,True,2.9679999999934807,2.900016199972015,115.0,False,0.28200000000651926,2.5939999999827705,2.5939999999827705,2.5939999999827705,0.0,widening,,0
2,21,3,1,mega_starmie,"{""kind"":""card"",""parts"":[""[{\""playerIndex\"":1,\""type\"":3},[[1,{\""id\"":1031,\""playerIndex\"":1}]]]""]}",2.8893167626603606,True,1.7660000000032596,1.6836371999816038,115.0,False,0.2970000000204891,1.3910000000032596,0.8439999999827705,0.8439999999827705,0.5470000000204891,widening,,0
2,22,3,1,mega_starmie,"{""kind"":""card"",""parts"":[""[{\""playerIndex\"":1,\""type\"":3},[[1,{\""id\"":3,\""playerIndex\"":1}]]]""]}",2.8893167626603606,True,1.4530000000377186,1.3971085000084713,115.0,False,0.26600000000325963,1.125,0.625,0.625,0.5,widening,,0
2,23,3,1,mega_starmie,"{""kind"":""evolve"",""parts"":[""[1,{\""type\"":9},[[2,{\""id\"":1031,\""playerIndex\"":1}],[5,{\""appearThisTurn\"":false,\""energies\"":[],\""energyCards\"":[],\""hp\"":70,\""id\"":1030,\""maxHp\"":70,\""playerIndex\"":1,\""preEvolution\"":[],\""tools\"":[]}]]]""]}",2.7886500970956223,True,1.0,0.9819132999982685,115.0,False,0.29699999996228144,0.6720000000204891,0.6560000000172295,0.6560000000172295,0.01600000000325963,widening,,0
2,24,3,1,mega_starmie,"{""kind"":""attach"",""parts"":[""[1,{\""type\"":8},[[2,{\""id\"":3,\""playerIndex\"":1}],[4,{\""appearThisTurn\"":true,\""energies\"":[],\""energyCards\"":[],\""hp\"":310,\""id\"":1031,\""maxHp\"":330,\""playerIndex\"":1,\""preEvolution\"":[{\""id\"":1030,\""playerIndex\"":1}],\""tools\"":[]}]]]""]}",2.7286500970956222,True,0.875,0.8015722000272945,115.0,False,0.3279999999795109,0.4529999999795109,0.4369999999762513,0.4369999999762513,0.01600000000325963,widening,,0
2,25,3,1,mega_starmie,"{""kind"":""attack"",""parts"":[""[1,{\""attackId\"":1487,\""type\"":13},[]]""]}",1.654064238509764,True,0.1559999999590218,0.13583169999765232,115.0,False,0.061999999976251274,0.0779999999795109,0.0779999999795109,0.0779999999795109,0.0,first,1,1
2,26,,1,mega_starmie,"{""kind"":""forced_selection"",""parts"":[15]}",0.0,True,0.0,0.0010380999883636832,115.0,False,,0.0010380999883636832,,,,,,
2,27,3,1,mega_starmie,"{""kind"":""card"",""parts"":[""[{\""area\"":6,\""index\"":1,\""playerIndex\"":1,\""type\"":3},[]]""]}",1.747306628723973,True,0.2970000000204891,0.28644519997760653,115.0,False,0.03200000000651926,0.23499999998603016,0.15700000000651926,0.15700000000651926,0.0779999999795109,widening,,0
2,28,,0,mega_starmie,"{""kind"":""forced_selection"",""parts"":[4]}",0.0,True,0.0,0.0010878000175580382,115.0,False,,0.0010878000175580382,,,,,,
2,29,4,0,mega_starmie,"{""kind"":""evolve"",""parts"":[""[0,{\""type\"":9},[[2,{\""id\"":1031,\""playerIndex\"":0}],[4,{\""appearThisTurn\"":false,\""energies\"":[],\""energyCards\"":[],\""hp\"":20,\""id\"":1030,\""maxHp\"":70,\""playerIndex\"":0,\""preEvolution\"":[],\""tools\"":[]}]]]""]}",1.941758928796667,True,1.5160000000032596,1.4985092999995686,115.0,False,0.26600000000325963,1.2339999999967404,0.8279999999795109,0.8279999999795109,0.40600000001722947,first,1,1
2,30,4,0,mega_starmie,"{""kind"":""attach"",""parts"":[""[0,{\""type\"":8},[[2,{\""id\"":17,\""playerIndex\"":0}],[4,{\""appearThisTurn\"":true,\""energies\"":[],\""energyCards\"":[],\""hp\"":280,\""id\"":1031,\""maxHp\"":330,\""playerIndex\"":0,\""preEvolution\"":[{\""id\"":1030,\""playerIndex\"":0}],\""tools\"":[]}]]]""]}",2.014896034372201,True,1.125,1.1136178000015207,115.0,False,0.28100000001722947,0.8119999999762513,0.5779999999795109,0.5779999999795109,0.23399999999674037,widening,,0
2,31,4,0,mega_starmie,"{""kind"":""play"",""parts"":[""[0,{\""type\"":7},[[2,{\""id\"":1120,\""playerIndex\"":0}]]]""]}",-0.33827763783372955,True,0.46899999998277053,0.4453673000098206,115.0,False,0.09399999998277053,0.35899999999674037,0.35899999999674037,0.35899999999674037,0.0,widening,,0
2,32,4,0,mega_starmie,"{""kind"":""play"",""parts"":[""[0,{\""type\"":7},[[2,{\""id\"":1227,\""playerIndex\"":0}]]]""]}",-1.2290861253786811,True,0.15600000001722947,0.1527990000322461,115.0,False,0.015000000013969839,0.125,0.10999999998603016,0.10999999998603016,0.015000000013969839,widening,,0
2,33,4,0,mega_starmie,"{""kind"":""attack"",""parts"":[""[0,{\""attackId\"":1488,\""type\"":13},[]]""]}",-1.3816752726655028,True,0.6560000000172295,0.6477577000041492,115.0,False,0.10899999999674037,0.5320000000065193,0.01600000000325963,0.01600000000325963,0.5160000000032596,first,,0
2,34,5,1,mega_starmie,"{""kind"":""evolve"",""parts"":[""[1,{\""type\"":9},[[2,{\""id\"":1031,\""playerIndex\"":1}],[5,{\""appearThisTurn\"":false,\""energies\"":[],\""energyCards\"":[],\""hp\"":70,\""id\"":1030,\""maxHp\"":70,\""playerIndex\"":1,\""preEvolution\"":[],\""tools\"":[]}]]]""]}",3.024102449121356,True,4.796999999962281,4.761217399965972,115.0,False,0.3119999999762513,4.422000000020489,3.4060000000172295,3.4060000000172295,1.0160000000032596,widening,,1
2,35,5,1,mega_starmie,"{""kind"":""attach"",""parts"":[""[1,{\""type\"":8},[[2,{\""id\"":17,\""playerIndex\"":1}],[4,{\""appearThisTurn\"":false,\""energies\"":[3],\""energyCards\"":[{\""id\"":3,\""playerIndex\"":1}],\""hp\"":100,\""id\"":1031,\""maxHp\"":330,\""playerIndex\"":1,\""preEvolution\"":[{\""id\"":1030,\""playerIndex\"":1}],\""tools\"":[]}]]]""]}",2.964102449121356,True,1.8280000000377186,1.8190082000219263,115.0,False,0.26500000001396984,1.5310000000172295,1.5310000000172295,1.5310000000172295,0.0,widening,,1
2,36,5,1,mega_starmie,"{""kind"":""play"",""parts"":[""[1,{\""type\"":7},[[2,{\""id\"":1227,\""playerIndex\"":1}]]]""]}",2.2063210638399706,True,0.6089999999967404,0.6166632000240497,115.0,False,0.0940000000409782,0.5,0.125,0.125,0.375,widening,,1
2,37,5,1,mega_starmie,"{""kind"":""attack"",""parts"":[""[1,{\""attackId\"":1488,\""type\"":13},[]]""]}",1.9294218390337692,True,0.42199999996228144,0.4007893999805674,115.0,False,0.18699999997625127,0.18699999997625127,0.0779999999795109,0.0779999999795109,0.10899999999674037,first,,0
2,38,6,0,mega_starmie,"{""kind"":""play"",""parts"":[""[0,{\""type\"":7},[[2,{\""id\"":1122,\""playerIndex\"":0}]]]""]}",9.204756885276842,False,58.32800000003772,56.00327309995191,115.0,False,0.2970000000204891,55.67199999996228,0.0779999999795109,33.28099999995902,22.39100000000326,first,1,1
2,39,6,0,mega_starmie,"{""kind"":""card"",""parts"":[""[0,{\""playerIndex\"":0,\""type\"":3},[[12,{\""id\"":1189,\""playerIndex\"":0}]]]""]}",8.22642275383253,True,79.81299999996554,78.26173760002712,115.0,False,0.5149999999557622,77.73500000004424,58.17200000002049,58.17200000002049,19.56300000002375,widening,,0
2,40,6,0,mega_starmie,"{""kind"":""attach"",""parts"":[""[0,{\""type\"":8},[[2,{\""id\"":3,\""playerIndex\"":0}],[4,{\""appearThisTurn\"":false,\""energies\"":[],\""energyCards\"":[],\""hp\"":70,\""id\"":1031,\""maxHp\"":330,\""playerIndex\"":0,\""preEvolution\"":[{\""id\"":1030,\""playerIndex\"":0}],\""tools\"":[]}]]]""]}",8.350424142262282,False,16.98499999998603,16.555828000011388,115.0,False,0.3279999999795109,16.18800000002375,7.688000000023749,7.688000000023749,8.5,widening,,0
2,41,6,0,mega_starmie,"{""kind"":""play"",""parts"":[""[0,{\""type\"":7},[[2,{\""id\"":1097,\""playerIndex\"":0}]]]""]}",5.343239569259527,False,11.15600000001723,10.785934099985752,115.0,False,0.26500000001396984,10.51600000000326,4.672000000020489,4.672000000020489,5.8439999999827705,widening,,1
2,42,6,0,mega_starmie,"{""kind"":""card"",""parts"":[""[0,{\""playerIndex\"":0,\""type\"":3},[[3,{\""id\"":3,\""playerIndex\"":0}]]]""]}",5.252571514163108,True,10.5,10.17864269996062,115.0,False,0.3119999999762513,9.828000000037719,9.828000000037719,9.828000000037719,0.0,widening,,0
2,43,6,0,mega_starmie,"{""kind"":""play"",""parts"":[""[0,{\""type\"":7},[[2,{\""id\"":1227,\""playerIndex\"":0}]]]""]}",5.42657290259286,True,2.827999999979511,2.6837103000143543,115.0,False,0.26600000000325963,2.4060000000172295,0.5,0.5,1.9060000000172295,widening,,1
2,44,6,0,mega_starmie,"{""kind"":""play"",""parts"":[""[0,{\""type\"":7},[[2,{\""id\"":1122,\""playerIndex\"":0}]]]""]}",5.051937106394697,True,4.969000000040978,4.774738600011915,115.0,False,0.28100000001722947,4.48499999998603,4.48499999998603,4.48499999998603,0.0,widening,,1
2,45,6,0,mega_starmie,"{""kind"":""card"",""parts"":[""[0,{\""playerIndex\"":0,\""type\"":3},[[12,{\""id\"":1189,\""playerIndex\"":0}]]]""]}",5.085269051298276,True,4.702999999979511,4.4680196000263095,115.0,False,0.3130000000237487,4.14100000000326,1.5939999999827705,1.5939999999827705,2.547000000020489,widening,,0
2,46,6,0,mega_starmie,"{""kind"":""attach"",""parts"":[""[0,{\""type\"":8},[[2,{\""id\"":1159,\""playerIndex\"":0}],[4,{\""appearThisTurn\"":false,\""energies\"":[3],\""energyCards\"":[{\""id\"":3,\""playerIndex\"":0}],\""hp\"":70,\""id\"":1031,\""maxHp\"":330,\""playerIndex\"":0,\""preEvolution\"":[{\""id\"":1030,\""playerIndex\"":0}],\""tools\"":[]}]]]""]}",5.13527043972803,True,1.702999999979511,1.6218651999952272,115.0,False,0.28100000001722947,1.3439999999827705,1.0469999999622814,1.0469999999622814,0.2970000000204891,widening,,1
2,47,6,0,mega_starmie,"{""kind"":""attack"",""parts"":[""[0,{\""attackId\"":1487,\""type\"":13},[]]""]}",3.7365476382060727,True,1.1410000000032596,1.1017223999951966,115.0,False,0.2970000000204891,0.7959999999729916,0.4529999999795109,0.4529999999795109,0.34299999999348074,first,1,1
2,48,6,0,mega_starmie,"{""kind"":""card"",""parts"":[""[1,{\""playerIndex\"":1,\""type\"":3},[[5,{\""appearThisTurn\"":false,\""energies\"":[],\""energyCards\"":[],\""hp\"":330,\""id\"":1031,\""maxHp\"":330,\""playerIndex\"":1,\""preEvolution\"":[{\""id\"":1030,\""playerIndex\"":1}],\""tools\"":[]}]]]""]}",3.238515620878393,True,2.4679999999934807,2.3579473000136204,115.0,False,0.15600000001722947,2.202999999979511,2.202999999979511,2.202999999979511,0.0,widening,,0
2,49,6,0,mega_starmie,"{""kind"":""card"",""parts"":[""[{\""area\"":6,\""index\"":0,\""playerIndex\"":0,\""type\"":3},[]]"",""[{\""area\"":6,\""index\"":1,\""playerIndex\"":0,\""type\"":3},[]]"",""[{\""area\"":6,\""index\"":2,\""playerIndex\"":0,\""type\"":3},[]]""]}",3.968328400281888,True,2.1880000000237487,2.0572815999621525,115.0,False,0.11000000004423782,1.952999999979511,0.18699999997625127,0.18699999997625127,1.7660000000032596,widening,,0
2,50,6,1,mega_starmie,"{""kind"":""card"",""parts"":[""[1,{\""playerIndex\"":1,\""type\"":3},[[5,{\""appearThisTurn\"":false,\""energies\"":[],\""energyCards\"":[],\""hp\"":330,\""id\"":1031,\""maxHp\"":330,\""playerIndex\"":1,\""preEvolution\"":[{\""id\"":1030,\""playerIndex\"":1}],\""tools\"":[]}]]]""]}",100.40369999631376,True,51.48399999999674,51.10975329997018,115.0,False,0.01600000000325963,51.09299999999348,26.09299999999348,26.09299999999348,25.0,widening,,0
2,51,7,1,mega_starmie,"{""kind"":""attach"",""parts"":[""[1,{\""type\"":8},[[2,{\""id\"":3,\""playerIndex\"":1}],[4,{\""appearThisTurn\"":false,\""energies\"":[],\""energyCards\"":[],\""hp\"":330,\""id\"":1031,\""maxHp\"":330,\""playerIndex\"":1,\""preEvolution\"":[{\""id\"":1030,\""playerIndex\"":1}],\""tools\"":[]}]]]""]}",4.017431933654979,True,5.063000000023749,4.995154700009152,115.0,False,0.2970000000204891,4.687999999965541,1.25,1.25,3.437999999965541,first,1,2
2,52,7,1,mega_starmie,"{""kind"":""play"",""parts"":[""[1,{\""type\"":7},[[2,{\""id\"":1227,\""playerIndex\"":1}]]]""]}",1.809275070909881,True,1.8899999999557622,1.864216799964197,115.0,False,0.28200000000651926,1.547000000020489,0.15700000000651926,0.15700000000651926,1.3900000000139698,first,1,1
2,53,7,1,mega_starmie,"{""kind"":""play"",""parts"":[""[1,{\""type\"":7},[[2,{\""id\"":1120,\""playerIndex\"":1}]]]""]}",2.4088772343725555,True,1.0,0.9768615000066347,115.0,False,0.14100000000325963,0.8440000000409782,0.5470000000204891,0.5470000000204891,0.2970000000204891,widening,,0
2,54,,1,mega_starmie,"{""kind"":""forced_selection"",""parts"":[30]}",0.0,True,0.0,0.0016247000312432647,115.0,False,,0.0016247000312432647,,,,,,
2,55,7,1,mega_starmie,"{""kind"":""attack"",""parts"":[""[1,{\""attackId\"":1487,\""type\"":13},[]]""]}",1.586153119690369,True,0.20400000002700835,0.1961926000076346,115.0,False,0.01600000000325963,0.1720000000204891,0.031000000017229468,0.031000000017229468,0.14100000000325963,first,,0
2,56,8,0,mega_starmie,"{""kind"":""attach"",""parts"":[""[0,{\""type\"":8},[[2,{\""id\"":3,\""playerIndex\"":0}],[4,{\""appearThisTurn\"":false,\""energies\"":[],\""energyCards\"":[],\""hp\"":50,\""id\"":1031,\""maxHp\"":430,\""playerIndex\"":0,\""preEvolution\"":[{\""id\"":1030,\""playerIndex\"":0}],\""tools\"":[{\""id\"":1159,\""playerIndex\"":0}]}]]]""]}",5.2499201662172865,True,5.75,5.575027399987448,115.0,False,0.375,5.171999999962281,2.5619999999762513,2.5619999999762513,2.60999999998603,widening,,0
2,57,8,0,mega_starmie,"{""kind"":""play"",""parts"":[""[0,{\""type\"":7},[[2,{\""id\"":1030,\""playerIndex\"":0}]]]""]}",4.191254304946774,True,2.952999999979511,2.849997200013604,115.0,False,0.31299999996554106,2.51500000001397,2.1089999999967404,2.1089999999967404,0.40600000001722947,widening,,1
2,58,8,0,mega_starmie,"{""kind"":""play"",""parts"":[""[0,{\""type\"":7},[[2,{\""id\"":1120,\""playerIndex\"":0}]]]""]}",3.881254304946774,True,1.937000000034459,1.8885217999923043,115.0,False,0.3130000000237487,1.547000000020489,1.1570000000065193,1.1570000000065193,0.39000000001396984,widening,,1
2,59,,0,mega_starmie,"{""kind"":""forced_selection"",""parts"":[30]}",0.0,True,0.0,0.0016341999871656299,115.0,False,,0.0016341999871656299,,,,,,
2,60,8,0,mega_starmie,"{""kind"":""attack"",""parts"":[""[0,{\""attackId\"":1487,\""type\"":13},[]]""]}",1.5432742763985323,True,0.6719999999622814,0.6591756999841891,115.0,False,0.2809999999590218,0.39100000000325963,0.03200000000651926,0.03200000000651926,0.35899999999674037,first,1,1
2,61,,0,mega_starmie,"{""kind"":""forced_selection"",""parts"":[15]}",0.0,True,0.0,0.0014158000121824443,115.0,False,,0.0014158000121824443,,,,,,
2,62,9,1,mega_starmie,"{""kind"":""play"",""parts"":[""[1,{\""type\"":7},[[2,{\""id\"":1122,\""playerIndex\"":1}]]]""]}",1.8605418453510703,True,2.4380000000237487,2.4234578000032343,115.0,False,0.0470000000204891,2.3589999999967404,2.202999999979511,2.202999999979511,0.15600000001722947,first,1,1
2,63,9,1,mega_starmie,"{""kind"":""card"",""parts"":[""[1,{\""playerIndex\"":1,\""type\"":3},[[12,{\""id\"":1225,\""playerIndex\"":1}]]]""]}",6.424711056170756,True,2.9209999999729916,2.879959999991115,115.0,False,0.2809999999590218,2.5780000000377186,2.047000000020489,2.047000000020489,0.5310000000172295,widening,,0
2,64,9,1,mega_starmie,"{""kind"":""play"",""parts"":[""[1,{\""type\"":7},[[2,{\""id\"":1225,\""playerIndex\"":1}]]]""]}",6.462210451212079,True,2.219000000040978,2.156719400023576,115.0,False,0.28100000001722947,1.8589999999967404,1.8589999999967404,1.8589999999967404,0.0,widening,,1
2,65,9,1,mega_starmie,"{""kind"":""card"",""parts"":[""[{\""playerIndex\"":1,\""type\"":3},[[1,{\""id\"":666,\""playerIndex\"":1}]]]""]}",6.445544389504089,True,1.625,1.597975199983921,115.0,False,0.29699999996228144,1.2810000000172295,0.7650000000139698,0.7650000000139698,0.5160000000032596,widening,,0
2,66,9,1,mega_starmie,"{""kind"":""card"",""parts"":[""[{\""playerIndex\"":1,\""type\"":3},[[1,{\""id\"":3,\""playerIndex\"":1}]]]""]}",6.445544389504089,True,0.7809999999590218,0.7537519999896176,115.0,False,0.2809999999590218,0.45300000003771856,0.21799999999348074,0.21799999999348074,0.23500000004423782,widening,,0
2,67,9,1,mega_starmie,"{""kind"":""attach"",""parts"":[""[1,{\""type\"":8},[[2,{\""id\"":3,\""playerIndex\"":1}],[4,{\""appearThisTurn\"":false,\""energies\"":[],\""energyCards\"":[],\""hp\"":210,\""id\"":1031,\""maxHp\"":330,\""playerIndex\"":1,\""preEvolution\"":[{\""id\"":1030,\""playerIndex\"":1}],\""tools\"":[]}]]]""]}",6.494877117878746,True,0.32900000002700835,0.33017289999406785,115.0,False,0.14100000000325963,0.1720000000204891,0.1720000000204891,0.1720000000204891,0.0,widening,,0
2,68,9,1,mega_starmie,"{""kind"":""attack"",""parts"":[""[1,{\""attackId\"":1487,\""type\"":13},[]]""]}",3.3758468148484426,True,0.26500000001396984,0.2601233000168577,115.0,False,0.125,0.14000000001396984,0.0779999999795109,0.0779999999795109,0.062000000034458935,first,1,1
2,69,,1,mega_starmie,"{""kind"":""forced_selection"",""parts"":[15]}",0.0,True,0.01600000000325963,0.0011232999968342483,115.0,False,,0.0011232999968342483,,,,,,
2,70,9,1,mega_starmie,"{""kind"":""card"",""parts"":[""[{\""area\"":6,\""index\"":0,\""playerIndex\"":1,\""type\"":3},[]]"",""[{\""area\"":6,\""index\"":1,\""playerIndex\"":1,\""type\"":3},[]]"",""[{\""area\"":6,\""index\"":2,\""playerIndex\"":1,\""type\"":3},[]]""]}",3.6086666666666667,True,0.5309999999590218,0.5001446999958716,115.0,False,0.030999999959021807,0.4690000000409782,0.14100000000325963,0.14100000000325963,0.32800000003771856,widening,,0
2,71,,0,mega_starmie,"{""kind"":""forced_selection"",""parts"":[4]}",0.0,True,0.0,0.0022567000123672187,115.0,False,,0.0022567000123672187,,,,,,
2,72,10,0,mega_starmie,"{""kind"":""evolve"",""parts"":[""[0,{\""type\"":9},[[2,{\""id\"":1031,\""playerIndex\"":0}],[4,{\""appearThisTurn\"":false,\""energies\"":[],\""energyCards\"":[],\""hp\"":20,\""id\"":1030,\""maxHp\"":70,\""playerIndex\"":0,\""preEvolution\"":[],\""tools\"":[]}]]]""]}",4.033855884525526,True,2.75,2.6416257999953814,115.0,False,0.35899999999674037,2.2820000000065193,1.2040000000270084,1.2040000000270084,1.077999999979511,first,1,3
2,73,10,0,mega_starmie,"{""kind"":""attach"",""parts"":[""[0,{\""type\"":8},[[2,{\""id\"":3,\""playerIndex\"":0}],[4,{\""appearThisTurn\"":true,\""energies\"":[],\""energyCards\"":[],\""hp\"":280,\""id\"":1031,\""maxHp\"":330,\""playerIndex\"":0,\""preEvolution\"":[{\""id\"":1030,\""playerIndex\"":0}],\""tools\"":[]}]]]""]}",4.145860034393929,True,1.0310000000172295,0.9949393999995664,115.0,False,0.2970000000204891,0.6709999999729916,0.4529999999795109,0.4529999999795109,0.21799999999348074,widening,,0
2,74,10,0,mega_starmie,"{""kind"":""attack"",""parts"":[""[0,{\""attackId\"":1487,\""type\"":13},[]]""]}",2.29673374039807,True,0.6880000000237487,0.6693862000247464,115.0,False,0.26600000000325963,0.375,0.045999999972991645,0.045999999972991645,0.32900000002700835,first,1,1
2,75,,0,mega_starmie,"{""kind"":""forced_selection"",""parts"":[15]}",0.0,True,0.0,0.001729800016619265,115.0,False,,0.001729800016619265,,,,,,
2,76,11,1,mega_starmie,"{""kind"":""play"",""parts"":[""[1,{\""type\"":7},[[2,{\""id\"":1122,\""playerIndex\"":1}]]]""]}",6.478170141398878,True,8.35899999999674,8.242560899991076,115.0,False,0.2649999999557622,7.969000000040978,6.125,6.125,1.8440000000409782,first,1,1
2,77,11,1,mega_starmie,"{""kind"":""card"",""parts"":[""[1,{\""playerIndex\"":1,\""type\"":3},[[12,{\""id\"":1227,\""playerIndex\"":1}]]]""]}",6.548172286026976,True,3.0469999999622814,2.980842799996026,115.0,False,0.2809999999590218,2.6880000000237487,1.4690000000409782,1.4690000000409782,1.2189999999827705,widening,,0
2,78,11,1,mega_starmie,"{""kind"":""play"",""parts"":[""[1,{\""type\"":7},[[2,{\""id\"":1229,\""playerIndex\"":1}]]]""]}",6.4981701413988775,True,1.6410000000032596,1.618784999998752,115.0,False,0.28100000001722947,1.327999999979511,0.5619999999762513,0.5619999999762513,0.7660000000032596,first,1,1
2,79,11,1,mega_starmie,"{""kind"":""card"",""parts"":[""[1,{\""playerIndex\"":1,\""type\"":3},[[4,{\""appearThisTurn\"":false,\""energies\"":[3],\""energyCards\"":[{\""id\"":3,\""playerIndex\"":1}],\""hp\"":90,\""id\"":1031,\""maxHp\"":330,\""playerIndex\"":1,\""preEvolution\"":[{\""id\"":1030,\""playerIndex\"":1}],\""tools\"":[]}]]]""]}",6.664838952693644,True,0.5310000000172295,0.5149801000370644,115.0,False,0.21899999998277053,0.26500000001396984,0.23399999999674037,0.23399999999674037,0.031000000017229468,widening,,0
2,80,11,1,mega_starmie,"{""kind"":""attach"",""parts"":[""[1,{\""type\"":8},[[2,{\""id\"":3,\""playerIndex\"":1}],[4,{\""appearThisTurn\"":false,\""energies\"":[],\""energyCards\"":[],\""hp\"":330,\""id\"":1031,\""maxHp\"":330,\""playerIndex\"":1,\""preEvolution\"":[{\""id\"":1030,\""playerIndex\"":1}],\""tools\"":[]}]]]""]}",2.994309982435467,True,0.3279999999795109,0.3133168999920599,115.0,False,0.15600000001722947,0.1559999999590218,0.14100000000325963,0.14100000000325963,0.014999999955762178,first,1,1
2,81,11,1,mega_starmie,"{""kind"":""attack"",""parts"":[""[1,{\""attackId\"":1487,\""type\"":13},[]]""]}",1.6735480776735625,True,0.10899999999674037,0.10658029996557161,115.0,False,0.0470000000204891,0.061999999976251274,0.031000000017229468,0.031000000017229468,0.030999999959021807,first,,0
2,82,12,0,mega_starmie,"{""kind"":""attach"",""parts"":[""[0,{\""type\"":8},[[2,{\""id\"":3,\""playerIndex\"":0}],[4,{\""appearThisTurn\"":false,\""energies\"":[3],\""energyCards\"":[{\""id\"":3,\""playerIndex\"":0}],\""hp\"":160,\""id\"":1031,\""maxHp\"":330,\""playerIndex\"":0,\""preEvolution\"":[{\""id\"":1030,\""playerIndex\"":0}],\""tools\"":[]}]]]""]}",3.703570426030048,True,4.0,3.882837599958293,115.0,False,0.3440000000409782,3.5469999999622814,1.9059999999590218,1.9059999999590218,1.6410000000032596,widening,,1
2,83,12,0,mega_starmie,"{""kind"":""play"",""parts"":[""[0,{\""type\"":7},[[2,{\""id\"":1120,\""playerIndex\"":0}]]]""]}",3.462982730896899,True,1.8910000000032596,1.8077616000082344,115.0,False,0.2970000000204891,1.5,1.0,1.0,0.5,widening,,1
2,84,,0,mega_starmie,"{""kind"":""forced_selection"",""parts"":[30]}",0.0,True,0.0,0.0012069999938830733,115.0,False,,0.0012069999938830733,,,,,,
2,85,12,0,mega_starmie,"{""kind"":""attack"",""parts"":[""[0,{\""attackId\"":1487,\""type\"":13},[]]""]}",1.7135288907900579,True,0.7030000000377186,0.6761651000124402,115.0,False,0.28100000001722947,0.39100000000325963,0.0470000000204891,0.0470000000204891,0.34399999998277053,first,1,1
2,86,,0,mega_starmie,"{""kind"":""forced_selection"",""parts"":[15]}",0.0,True,0.0,0.0011882999679073691,115.0,False,,0.0011882999679073691,,,,,,
2,87,,1,mega_starmie,"{""kind"":""play"",""parts"":[""[1,{\""type\"":7},[[2,{\""id\"":1086,\""playerIndex\"":1}]]]""]}",0.0,True,0.26600000000325963,0.2617801000014879,115.0,False,0.26600000000325963,0.2617801000014879,,,,,,
2,88,,1,mega_starmie,"{""kind"":""attach"",""parts"":[""[1,{\""type\"":8},[[2,{\""id\"":17,\""playerIndex\"":1}],[4,{\""appearThisTurn\"":false,\""energies\"":[],\""energyCards\"":[],\""hp\"":210,\""id\"":1031,\""maxHp\"":330,\""playerIndex\"":1,\""preEvolution\"":[{\""id\"":1030,\""playerIndex\"":1}],\""tools\"":[]}]]]""]}",0.0,True,0.125,0.1302443000022322,115.0,False,0.11000000004423782,0.1302443000022322,,,,,,
2,89,,1,mega_starmie,"{""kind"":""attack"",""parts"":[""[1,{\""attackId\"":1488,\""type\"":13},[]]""]}",0.0,True,0.030999999959021807,0.014778600016143173,115.0,False,0.0,0.014778600016143173,,,,,,
2,90,,1,mega_starmie,"{""kind"":""card"",""parts"":[""[{\""area\"":6,\""index\"":0,\""playerIndex\"":1,\""type\"":3},[]]"",""[{\""area\"":6,\""index\"":1,\""playerIndex\"":1,\""type\"":3},[]]""]}",0.0,True,0.0,0.010399799968581647,115.0,False,0.0,0.010399799968581647,,,,,,
3,0,,0,mega_starmie,"{""kind"":""choose_start"",""parts"":[41]}",0.0,True,5.10899999999674,0.00013540004147216678,,False,,0.00013540004147216678,,,,,,
3,1,,1,mega_starmie,"{""kind"":""setup_active"",""parts"":[1]}",0.0,True,0.0,0.00019150000298395753,,False,,0.00019150000298395753,,,,,,
3,2,,0,mega_starmie,"{""kind"":""setup_active"",""parts"":[1]}",0.0,True,0.0,0.00017399998614564538,,False,,0.00017399998614564538,,,,,,
3,3,,1,mega_starmie,"{""kind"":""setup_bench_decline"",""parts"":[2]}",0.0,True,0.0,0.0001496000331826508,,False,,0.0001496000331826508,,,,,,
3,4,,0,mega_starmie,"{""kind"":""setup_bench_decline"",""parts"":[2]}",0.0,True,0.0,0.00022770004579797387,,False,,0.00022770004579797387,,,,,,
3,5,1,1,mega_starmie,"{""kind"":""play"",""parts"":[""[1,{\""type\"":7},[[2,{\""id\"":1030,\""playerIndex\"":1}]]]""]}",0.7826666666666666,True,0.5160000000032596,0.5047259000129998,115.0,False,0.28100000001722947,0.18699999997625127,0.18699999997625127,0.18699999997625127,0.0,widening,,1
3,6,1,1,mega_starmie,"{""kind"":""play"",""parts"":[""[1,{\""type\"":7},[[2,{\""id\"":1145,\""playerIndex\"":1}]]]""]}",0.7226666666666667,True,0.7970000000204891,0.7661556999664754,115.0,False,0.2970000000204891,0.2970000000204891,0.2970000000204891,0.2970000000204891,0.0,first,1,1
3,7,1,1,mega_starmie,"{""kind"":""card"",""parts"":[""[{\""playerIndex\"":1,\""type\"":3},[[1,{\""id\"":1031,\""playerIndex\"":1}]]]""]}",0.806,True,0.21799999999348074,0.21515000000363216,115.0,False,0.09299999999348074,0.125,0.09399999998277053,0.09399999998277053,0.031000000017229468,widening,,0
3,8,1,1,mega_starmie,"{""kind"":""attach"",""parts"":[""[1,{\""type\"":8},[[2,{\""id\"":3,\""playerIndex\"":1}],[4,{\""appearThisTurn\"":true,\""energies\"":[],\""energyCards\"":[],\""hp\"":160,\""id\"":666,\""maxHp\"":160,\""playerIndex\"":1,\""preEvolution\"":[],\""tools\"":[]}]]]""]}",0.28266666666666673,True,0.125,0.11007490003248677,115.0,False,0.0470000000204891,0.046999999962281436,0.046999999962281436,0.046999999962281436,0.0,first,1,1
3,9,1,1,mega_starmie,"{""kind"":""end"",""parts"":[""[1,{\""type\"":14},[]]""]}",0.0,True,0.0470000000204891,0.049019699974451214,115.0,False,0.01600000000325963,0.031000000017229468,0.0,0.0,0.031000000017229468,first,,0
3,10,2,0,mega_starmie,"{""kind"":""play"",""parts"":[""[0,{\""type\"":7},[[2,{\""id\"":1030,\""playerIndex\"":0}]]]""]}",0.5427953216374272,True,5.405999999959022,5.383740400022361,115.0,False,0.2649999999557622,5.110000000044238,5.110000000044238,5.110000000044238,0.0,widening,,3
3,11,2,0,mega_starmie,"{""kind"":""play"",""parts"":[""[0,{\""type\"":7},[[2,{\""id\"":1227,\""playerIndex\"":0}]]]""]}",0.14946198830409385,True,3.3290000000270084,3.3083146999706514,115.0,False,0.14100000000325963,3.14000000001397,0.20300000003771856,0.20300000003771856,2.9369999999762513,first,2,3
3,12,2,0,mega_starmie,"{""kind"":""end"",""parts"":[""[0,{\""type\"":14},[]]""]}",0.0,True,1.0619999999762513,1.0488496999605559,115.0,False,0.375,0.6560000000172295,0.18699999997625127,0.18699999997625127,0.4690000000409782,first,,1
3,13,3,1,mega_starmie,"{""kind"":""retreat"",""parts"":[""[1,{\""type\"":12},[]]""]}",2.06611788327903,True,5.594000000040978,5.415563900023699,115.0,False,0.3440000000409782,5.077999999979511,1.625,1.625,3.452999999979511,first,,0
3,14,,1,mega_starmie,"{""kind"":""forced_selection"",""parts"":[3]}",0.0,True,0.0,0.00121489999582991,115.0,False,,0.00121489999582991,,,,,,
3,15,3,1,mega_starmie,"{""kind"":""evolve"",""parts"":[""[1,{\""type\"":9},[[2,{\""id\"":1031,\""playerIndex\"":1}],[4,{\""appearThisTurn\"":false,\""energies\"":[],\""energyCards\"":[],\""hp\"":70,\""id\"":1030,\""maxHp\"":70,\""playerIndex\"":1,\""preEvolution\"":[],\""tools\"":[]}]]]""]}",2.22236788327903,True,1.5619999999762513,1.5258281999849714,115.0,False,0.29699999996228144,1.2189999999827705,0.9529999999795109,0.9529999999795109,0.26600000000325963,first,1,3
3,16,3,1,mega_starmie,"{""kind"":""play"",""parts"":[""[1,{\""type\"":7},[[2,{\""id\"":1225,\""playerIndex\"":1}]]]""]}",2.10236788327903,True,1.1880000000237487,1.1691952999681234,115.0,False,0.26600000000325963,0.9060000000172295,0.8910000000032596,0.8910000000032596,0.015000000013969839,first,1,2
3,17,3,1,mega_starmie,"{""kind"":""card"",""parts"":[""[{\""playerIndex\"":1,\""type\"":3},[[1,{\""id\"":1031,\""playerIndex\"":1}]]]""]}",2.1857012166123635,True,0.875,0.8461762000224553,115.0,False,0.25,0.5939999999827705,0.3279999999795109,0.3279999999795109,0.26600000000325963,widening,,0
3,18,3,1,mega_starmie,"{""kind"":""card"",""parts"":[""[{\""playerIndex\"":1,\""type\"":3},[[1,{\""id\"":3,\""playerIndex\"":1}]]]""]}",2.1857012166123635,True,0.4369999999762513,0.44298580003669485,115.0,False,0.21899999998277053,0.2029999999795109,0.14100000000325963,0.14100000000325963,0.061999999976251274,widening,,0
3,19,3,1,mega_starmie,"{""kind"":""attach"",""parts"":[""[1,{\""type\"":8},[[2,{\""id\"":3,\""playerIndex\"":1}],[4,{\""appearThisTurn\"":true,\""energies\"":[],\""energyCards\"":[],\""hp\"":330,\""id\"":1031,\""maxHp\"":330,\""playerIndex\"":1,\""preEvolution\"":[{\""id\"":1030,\""playerIndex\"":1}],\""tools\"":[]}]]]""]}",2.1857012166123635,True,0.15700000000651926,0.14805030002025887,115.0,False,0.0470000000204891,0.07900000002700835,0.07900000002700835,0.07900000002700835,0.0,first,1,1
3,20,3,1,mega_starmie,"{""kind"":""attack"",""parts"":[""[1,{\""attackId\"":1487,\""type\"":13},[]]""]}",1.2086178832790302,True,0.18699999997625127,0.17845489998580888,115.0,False,0.046999999962281436,0.125,0.125,0.125,0.0,first,1,1
3,21,,1,mega_starmie,"{""kind"":""forced_selection"",""parts"":[15]}",0.0,True,0.0,0.0011009000008925796,115.0,False,,0.0011009000008925796,,,,,,
3,22,3,1,mega_starmie,"{""kind"":""card"",""parts"":[""[{\""area\"":6,\""index\"":0,\""playerIndex\"":1,\""type\"":3},[]]""]}",2.0255237665430825,True,0.6560000000172295,0.6386914000031538,115.0,False,0.031000000017229468,0.6099999999860302,0.15700000000651926,0.15700000000651926,0.4529999999795109,widening,,0
3,23,,0,mega_starmie,"{""kind"":""forced_selection"",""parts"":[4]}",0.0,True,0.0,0.0012439999845810235,115.0,False,,0.0012439999845810235,,,,,,
3,24,4,0,mega_starmie,"{""kind"":""play"",""parts"":[""[0,{\""type\"":7},[[2,{\""id\"":1145,\""playerIndex\"":0}]]]""]}",2.0030950192049937,True,7.5310000000172295,7.205509899999015,115.0,False,0.34399999998277053,6.827999999979511,6.625,6.625,0.2029999999795109,first,1,2
3,25,4,0,mega_starmie,"{""kind"":""card"",""parts"":[""[{\""playerIndex\"":0,\""type\"":3},[[1,{\""id\"":1031,\""playerIndex\"":0}]]]""]}",2.5697616858716605,True,5.202999999979511,5.031455599993933,115.0,False,0.3279999999795109,4.702999999979511,3.3130000000237487,3.3130000000237487,1.3899999999557622,widening,,0
3,26,4,0,mega_starmie,"{""kind"":""play"",""parts"":[""[0,{\""type\"":7},[[2,{\""id\"":1225,\""playerIndex\"":0}]]]""]}",2.711428352538327,True,3.7189999999827705,3.5736813999828883,115.0,False,0.39100000000325963,3.1410000000032596,3.1410000000032596,3.1410000000032596,0.0,first,2,2
3,27,4,0,mega_starmie,"{""kind"":""card"",""parts"":[""[{\""playerIndex\"":0,\""type\"":3},[[1,{\""id\"":1031,\""playerIndex\"":0}]]]""]}",2.6947616858716605,True,2.1880000000237487,2.1112512000254355,115.0,False,0.26600000000325963,1.8429999999934807,0.8120000000344589,0.8120000000344589,1.0309999999590218,widening,,0
3,28,4,0,mega_starmie,"{""kind"":""card"",""parts"":[""[{\""playerIndex\"":0,\""type\"":3},[[1,{\""id\"":17,\""playerIndex\"":0}]]]""]}",2.6947616858716605,True,0.9529999999795109,0.9249448999762535,115.0,False,0.26500000001396984,0.6559999999590218,0.4059999999590218,0.4059999999590218,0.25,widening,,0
3,29,4,0,mega_starmie,"{""kind"":""evolve"",""parts"":[""[0,{\""type\"":9},[[2,{\""id\"":1031,\""playerIndex\"":0}],[4,{\""appearThisTurn\"":false,\""energies\"":[],\""energyCards\"":[],\""hp\"":20,\""id\"":1030,\""maxHp\"":70,\""playerIndex\"":0,\""preEvolution\"":[],\""tools\"":[]}]]]""]}",2.6047616858716607,True,0.5470000000204891,0.5282942000194453,115.0,False,0.23499999998603016,0.28100000001722947,0.18700000003445894,0.18700000003445894,0.09399999998277053,first,1,1
3,30,4,0,mega_starmie,"{""kind"":""attach"",""parts"":[""[0,{\""type\"":8},[[2,{\""id\"":3,\""playerIndex\"":0}],[4,{\""appearThisTurn\"":true,\""energies\"":[],\""energyCards\"":[],\""hp\"":280,\""id\"":1031,\""maxHp\"":330,\""playerIndex\"":0,\""preEvolution\"":[{\""id\"":1030,\""playerIndex\"":0}],\""tools\"":[]}]]]""]}",2.716077077505071,True,0.23399999999674037,0.23784240003442392,115.0,False,0.09299999999348074,0.125,0.09399999998277053,0.09399999998277053,0.031000000017229468,widening,,0
3,31,4,0,mega_starmie,"{""kind"":""attack"",""parts"":[""[0,{\""attackId\"":1487,\""type\"":13},[]]""]}",1.5575610077162743,True,0.0779999999795109,0.0659987999824807,115.0,False,0.031000000017229468,0.030999999959021807,0.030999999959021807,0.030999999959021807,0.0,first,1,1
3,32,,0,mega_starmie,"{""kind"":""forced_selection"",""parts"":[15]}",0.0,True,0.0,0.0010714000090956688,115.0,False,,0.0010714000090956688,,,,,,
3,33,5,1,mega_starmie,"{""kind"":""play"",""parts"":[""[1,{\""type\"":7},[[2,{\""id\"":1120,\""playerIndex\"":1}]]]""]}",3.231724814371449,True,1.3130000000237487,1.2949621000443585,115.0,False,0.26500000001396984,1.0,0.9839999999967404,0.9839999999967404,0.01600000000325963,widening,,1
3,34,,1,mega_starmie,"{""kind"":""forced_selection"",""parts"":[30]}",0.0,True,0.0,0.0011158999986946583,115.0,False,,0.0011158999986946583,,,,,,
3,35,5,1,mega_starmie,"{""kind"":""play"",""parts"":[""[1,{\""type\"":7},[[2,{\""id\"":1227,\""playerIndex\"":1}]]]""]}",1.912623720761456,True,0.40600000001722947,0.3995130999828689,115.0,False,0.09299999999348074,0.3130000000237487,0.14100000000325963,0.14100000000325963,0.1720000000204891,widening,,1
3,36,5,1,mega_starmie,"{""kind"":""attack"",""parts"":[""[1,{\""attackId\"":1487,\""type\"":13},[]]""]}",1.6684063294571083,True,0.3279999999795109,0.31826069997623563,115.0,False,0.01600000000325963,0.2970000000204891,0.0940000000409782,0.0940000000409782,0.2029999999795109,first,,2
3,37,6,0,mega_starmie,"{""kind"":""attach"",""parts"":[""[0,{\""type\"":8},[[2,{\""id\"":1159,\""playerIndex\"":0}],[4,{\""appearThisTurn\"":false,\""energies\"":[],\""energyCards\"":[],\""hp\"":160,\""id\"":1031,\""maxHp\"":330,\""playerIndex\"":0,\""preEvolution\"":[{\""id\"":1030,\""playerIndex\"":0}],\""tools\"":[]}]]]""]}",6.483516123147516,True,1.7339999999967404,1.6625213000224903,115.0,False,0.28100000001722947,1.3600000000442378,0.6570000000065193,0.6570000000065193,0.7030000000377186,widening,,1
3,38,6,0,mega_starmie,"{""kind"":""attach"",""parts"":[""[0,{\""type\"":8},[[2,{\""id\"":17,\""playerIndex\"":0}],[4,{\""appearThisTurn\"":false,\""energies\"":[],\""energyCards\"":[],\""hp\"":260,\""id\"":1031,\""maxHp\"":430,\""playerIndex\"":0,\""preEvolution\"":[{\""id\"":1030,\""playerIndex\"":0}],\""tools\"":[{\""id\"":1159,\""playerIndex\"":0}]}]]]""]}",4.2840885942491775,True,1.1560000000172295,1.1160245999926701,115.0,False,0.35899999999674037,0.7339999999967404,0.7029999999795109,0.7029999999795109,0.031000000017229468,widening,,1
3,39,6,0,mega_starmie,"{""kind"":""attack"",""parts"":[""[0,{\""attackId\"":1488,\""type\"":13},[]]""]}",1.1552462169881959,True,0.7660000000032596,0.7533893999643624,115.0,False,0.25,0.48399999999674037,0.2029999999795109,0.2029999999795109,0.28100000001722947,first,,1
3,40,6,0,mega_starmie,"{""kind"":""card"",""parts"":[""[{\""area\"":6,\""index\"":0,\""playerIndex\"":0,\""type\"":3},[]]"",""[{\""area\"":6,\""index\"":1,\""playerIndex\"":0,\""type\"":3},[]]"",""[{\""area\"":6,\""index\"":5,\""playerIndex\"":0,\""type\"":3},[]]""]}",2.867621291056441,True,2.5,2.411870000010822,115.0,False,0.09399999998277053,2.312999999965541,0.5629999999655411,0.5629999999655411,1.75,widening,,0
3,41,,1,mega_starmie,"{""kind"":""forced_selection"",""parts"":[4]}",0.0,True,0.0,0.0016224999562837183,115.0,False,,0.0016224999562837183,,,,,,
3,42,7,1,mega_starmie,"{""kind"":""play"",""parts"":[""[1,{\""type\"":7},[[2,{\""id\"":1122,\""playerIndex\"":1}]]]""]}",1.3728506230748558,True,3.452999999979511,3.3899944000295363,115.0,False,0.17199999996228144,3.2179999999934807,3.2030000000377186,3.2030000000377186,0.014999999955762178,first,3,3
3,43,7,1,mega_starmie,"{""kind"":""card"",""parts"":[""[1,{\""playerIndex\"":1,\""type\"":3},[[12,{\""id\"":1189,\""playerIndex\"":1}]]]""]}",1.456183956408189,True,2.702999999979511,2.614208599959966,115.0,False,0.3119999999762513,2.2810000000172295,1.1089999999967404,1.1089999999967404,1.172000000020489,widening,,0
3,44,7,1,mega_starmie,"{""kind"":""play"",""parts"":[""[1,{\""type\"":7},[[2,{\""id\"":1030,\""playerIndex\"":1}]]]""]}",1.456183956408189,True,1.7030000000377186,1.6554570999578573,115.0,False,0.2970000000204891,1.3429999999934807,1.2810000000172295,1.2810000000172295,0.061999999976251274,first,2,2
3,45,7,1,mega_starmie,"{""kind"":""play"",""parts"":[""[1,{\""type\"":7},[[2,{\""id\"":1189,\""playerIndex\"":1}]]]""]}",1.396183956408189,True,0.8439999999827705,0.8235462000011466,115.0,False,0.25,0.5619999999762513,0.5619999999762513,0.5619999999762513,0.0,widening,,1
3,46,7,1,mega_starmie,"{""kind"":""card"",""parts"":[""[{\""playerIndex\"":1,\""type\"":3},[[1,{\""id\"":1031,\""playerIndex\"":1}]]]""]}",1.4795172897415223,True,0.7029999999795109,0.6845174999907613,115.0,False,0.28100000001722947,0.3899999999557622,0.3899999999557622,0.3899999999557622,0.0,widening,,0
3,47,,1,mega_starmie,"{""kind"":""forced_selection"",""parts"":[18]}",0.0,True,0.0,0.000985099992249161,115.0,False,,0.000985099992249161,,,,,,
3,48,7,1,mega_starmie,"{""kind"":""attack"",""parts"":[""[1,{\""attackId\"":965,\""type\"":13},[]]""]}",0.6695172897415225,True,0.2970000000204891,0.2903451999882236,115.0,False,0.14100000000325963,0.14000000001396984,0.14000000001396984,0.14000000001396984,0.0,first,,1
3,49,7,1,mega_starmie,"{""kind"":""card"",""parts"":[""[{\""playerIndex\"":1,\""type\"":3},[[1,{\""id\"":3,\""playerIndex\"":1}]]]""]}",0.2571428571428572,True,0.3119999999762513,0.3091419000411406,115.0,False,0.01600000000325963,0.2809999999590218,0.1559999999590218,0.1559999999590218,0.125,widening,,0
3,50,,1,mega_starmie,"{""kind"":""forced_selection"",""parts"":[21]}",0.0,True,0.0,0.0018057000124827027,115.0,False,,0.0018057000124827027,,,,,,
3,51,8,0,mega_starmie,"{""kind"":""attach"",""parts"":[""[0,{\""type\"":8},[[2,{\""id\"":17,\""playerIndex\"":0}],[4,{\""appearThisTurn\"":false,\""energies\"":[],\""energyCards\"":[],\""hp\"":210,\""id\"":1031,\""maxHp\"":430,\""playerIndex\"":0,\""preEvolution\"":[{\""id\"":1030,\""playerIndex\"":0}],\""tools\"":[{\""id\"":1159,\""playerIndex\"":0}]}]]]""]}",2.3365899801688412,True,0.75,0.727235899947118,115.0,False,0.28100000001722947,0.4220000000204891,0.23399999999674037,0.23399999999674037,0.18800000002374873,widening,,1
3,52,8,0,mega_starmie,"{""kind"":""play"",""parts"":[""[0,{\""type\"":7},[[2,{\""id\"":1229,\""playerIndex\"":0}]]]""]}",1.3602023832696164,True,0.3130000000237487,0.30862620001425967,115.0,False,0.125,0.15600000001722947,0.062000000034458935,0.062000000034458935,0.09399999998277053,first,1,1
3,53,,0,mega_starmie,"{""kind"":""forced_selection"",""parts"":[17]}",0.0,True,0.0,0.0011205999762751162,115.0,False,,0.0011205999762751162,,,,,,
3,54,8,0,mega_starmie,"{""kind"":""end"",""parts"":[""[0,{\""type\"":14},[]]""]}",0.0,True,0.031000000017229468,0.037269200023729354,115.0,False,0.015000000013969839,0.01600000000325963,0.0,0.0,0.01600000000325963,first,,0
3,55,9,1,mega_starmie,"{""kind"":""attack"",""parts"":[""[1,{\""attackId\"":965,\""type\"":13},[]]""]}",0.45956403076777086,True,0.6719999999622814,0.6534602000028826,115.0,False,0.25,0.35899999999674037,0.35899999999674037,0.35899999999674037,0.0,first,,1
3,56,9,1,mega_starmie,"{""kind"":""card"",""parts"":[""[{\""playerIndex\"":1,\""type\"":3},[[1,{\""id\"":3,\""playerIndex\"":1}]]]""]}",0.12631578947368416,True,0.26500000001396984,0.2511928000021726,115.0,False,0.015000000013969839,0.23499999998603016,0.14100000000325963,0.14100000000325963,0.09399999998277053,widening,,0
3,57,,1,mega_starmie,"{""kind"":""forced_selection"",""parts"":[21]}",0.0,True,0.0,0.0017690000240691006,115.0,False,,0.0017690000240691006,,,,,,
3,58,10,0,mega_starmie,"{""kind"":""attach"",""parts"":[""[0,{\""type\"":8},[[2,{\""id\"":3,\""playerIndex\"":0}],[4,{\""appearThisTurn\"":false,\""energies\"":[],\""energyCards\"":[],\""hp\"":380,\""id\"":1031,\""maxHp\"":430,\""playerIndex\"":0,\""preEvolution\"":[{\""id\"":1030,\""playerIndex\"":0}],\""tools\"":[{\""id\"":1159,\""playerIndex\"":0}]}]]]""]}",2.2353484870772418,True,0.7970000000204891,0.7801949999993667,115.0,False,0.26600000000325963,0.5,0.28100000001722947,0.28100000001722947,0.21899999998277053,widening,,0
3,59,10,0,mega_starmie,"{""kind"":""attack"",""parts"":[""[0,{\""attackId\"":1487,\""type\"":13},[]]""]}",1.1628298119539158,True,0.3279999999795109,0.32653969997772947,115.0,False,0.14100000000325963,0.1720000000204891,0.07900000002700835,0.07900000002700835,0.09299999999348074,first,1,1
3,60,,0,mega_starmie,"{""kind"":""forced_selection"",""parts"":[15]}",0.0,True,0.01600000000325963,0.0014697000151500106,115.0,False,,0.0014697000151500106,,,,,,
3,61,10,0,mega_starmie,"{""kind"":""card"",""parts"":[""[{\""area\"":6,\""index\"":0,\""playerIndex\"":0,\""type\"":3},[]]""]}",2.1323809523809523,True,0.21899999998277053,0.21808399999281392,115.0,False,0.01600000000325963,0.2029999999795109,0.15600000001722947,0.15600000001722947,0.046999999962281436,widening,,0
3,62,,1,mega_starmie,"{""kind"":""forced_selection"",""parts"":[4]}",0.0,True,0.0,0.0016559000359848142,115.0,False,,0.0016559000359848142,,,,,,
3,63,11,1,mega_starmie,"{""kind"":""play"",""parts"":[""[1,{\""type\"":7},[[2,{\""id\"":1086,\""playerIndex\"":1}]]]""]}",4.11200462546825,True,4.625,4.443147999991197,115.0,False,0.3279999999795109,4.094000000040978,4.032000000006519,4.032000000006519,0.062000000034458935,first,2,2
3,64,11,1,mega_starmie,"{""kind"":""card"",""parts"":[""[{\""playerIndex\"":1,\""type\"":3},[[1,{\""id\"":1030,\""playerIndex\"":1}]]]""]}",4.1453379588015835,True,3.5929999999934807,3.475709900027141,115.0,False,0.2970000000204891,3.155999999959022,2.60999999998603,2.60999999998603,0.5459999999729916,widening,,0
3,65,11,1,mega_starmie,"{""kind"":""play"",""parts"":[""[1,{\""type\"":7},[[2,{\""id\"":1145,\""playerIndex\"":1}]]]""]}",4.135337958801585,True,3.1570000000065193,3.0767075000330806,115.0,False,0.3440000000409782,2.702999999979511,2.6719999999622814,2.6719999999622814,0.031000000017229468,first,1,1
3,66,11,1,mega_starmie,"{""kind"":""card"",""parts"":[""[{\""playerIndex\"":1,\""type\"":3},[[1,{\""id\"":1031,\""playerIndex\"":1}]]]""]}",4.168671292134917,True,3.01500000001397,2.9130005999468267,115.0,False,0.31200000003445894,2.60999999998603,1.577999999979511,1.577999999979511,1.0320000000065193,widening,,0
3,67,11,1,mega_starmie,"{""kind"":""attach"",""parts"":[""[1,{\""type\"":8},[[2,{\""id\"":3,\""playerIndex\"":1}],[4,{\""appearThisTurn\"":false,\""energies\"":[3,3],\""energyCards\"":[{\""id\"":3,\""playerIndex\"":1},{\""id\"":3,\""playerIndex\"":1}],\""hp\"":280,\""id\"":1031,\""maxHp\"":330,\""playerIndex\"":1,\""preEvolution\"":[{\""id\"":1030,\""playerIndex\"":1}],\""tools\"":[]}]]]""]}",4.218671292134918,True,1.25,1.2025798999820836,115.0,False,0.2970000000204891,0.9059999999590218,0.6099999999860302,0.6099999999860302,0.29599999997299165,widening,,0
3,68,11,1,mega_starmie,"{""kind"":""play"",""parts"":[""[1,{\""type\"":7},[[2,{\""id\"":1120,\""playerIndex\"":1}]]]""]}",3.587889792932365,True,0.7970000000204891,0.7748589999973774,115.0,False,0.28200000000651926,0.5,0.48399999999674037,0.48399999999674037,0.01600000000325963,widening,,0
3,69,11,1,mega_starmie,"{""kind"":""attack"",""parts"":[""[1,{\""attackId\"":1488,\""type\"":13},[]]""]}",2.609914781257822,True,0.1559999999590218,0.1513540999731049,115.0,False,0.06299999996554106,0.0779999999795109,0.06300000002374873,0.06300000002374873,0.014999999955762178,first,,0
3,70,12,0,mega_starmie,"{""kind"":""attach"",""parts"":[""[0,{\""type\"":8},[[2,{\""id\"":17,\""playerIndex\"":0}],[4,{\""appearThisTurn\"":false,\""energies\"":[3],\""energyCards\"":[{\""id\"":3,\""playerIndex\"":0}],\""hp\"":170,\""id\"":1031,\""maxHp\"":430,\""playerIndex\"":0,\""preEvolution\"":[{\""id\"":1030,\""playerIndex\"":0}],\""tools\"":[{\""id\"":1159,\""playerIndex\"":0}]}]]]""]}",2.6982086199968185,True,1.2190000000409782,1.184009300020989,115.0,False,0.3130000000237487,0.8589999999967404,0.6869999999762513,0.6869999999762513,0.1720000000204891,widening,,1
3,71,12,0,mega_starmie,"{""kind"":""attack"",""parts"":[""[0,{\""attackId\"":1488,\""type\"":13},[]]""]}",1.8926129204767,True,0.5309999999590218,0.5141613999730907,115.0,False,0.2029999999795109,0.28100000001722947,0.125,0.125,0.15600000001722947,first,,1
3,72,,1,mega_starmie,"{""kind"":""attack"",""parts"":[""[1,{\""attackId\"":1488,\""type\"":13},[]]""]}",0.0,True,0.01600000000325963,0.028182600042782724,115.0,False,0.01600000000325963,0.028182600042782724,,,,,,
3,73,,1,mega_starmie,"{""kind"":""card"",""parts"":[""[{\""area\"":6,\""index\"":0,\""playerIndex\"":1,\""type\"":3},[]]"",""[{\""area\"":6,\""index\"":1,\""playerIndex\"":1,\""type\"":3},[]]"",""[{\""area\"":6,\""index\"":2,\""playerIndex\"":1,\""type\"":3},[]]""]}",0.0,True,0.0470000000204891,0.030535600031726062,115.0,False,0.01600000000325963,0.030535600031726062,,,,,,
4,0,,0,mega_starmie,"{""kind"":""choose_start"",""parts"":[41]}",0.0,True,4.9689999999827705,0.0004160000244155526,,False,,0.0004160000244155526,,,,,,
4,1,,0,mega_starmie,"{""kind"":""setup_active"",""parts"":[1]}",0.0,True,0.0,0.0002212999970652163,,False,,0.0002212999970652163,,,,,,
4,2,,1,mega_starmie,"{""kind"":""setup_active"",""parts"":[1]}",0.0,True,0.031000000017229468,0.0003717000363394618,,False,,0.0003717000363394618,,,,,,
4,3,,0,mega_starmie,"{""kind"":""free_draw_count"",""parts"":[38]}",0.0,True,0.0,0.00018670002464205027,,False,,0.00018670002464205027,,,,,,
4,4,,0,mega_starmie,"{""kind"":""setup_bench_decline"",""parts"":[2]}",0.0,True,0.0,0.00020740000763908029,,False,,0.00020740000763908029,,,,,,
4,5,1,1,mega_starmie,"{""kind"":""play"",""parts"":[""[1,{\""type\"":7},[[2,{\""id\"":1086,\""playerIndex\"":1}]]]""]}",0.09666666666666666,True,2.4369999999762513,2.3197402000078,115.0,False,0.25,1.9679999999934807,1.9530000000377186,1.9530000000377186,0.014999999955762178,first,2,3
4,6,1,1,mega_starmie,"{""kind"":""card"",""parts"":[""[{\""playerIndex\"":1,\""type\"":3},[[1,{\""id\"":1030,\""playerIndex\"":1}]]]"",""[{\""playerIndex\"":1,\""type\"":3},[[1,{\""id\"":1030,\""playerIndex\"":1}]]]""]}",0.1175,True,1.2040000000270084,1.1685972000123002,115.0,False,0.32900000002700835,0.8429999999934807,0.7029999999795109,0.7029999999795109,0.14000000001396984,widening,,0
4,7,1,1,mega_starmie,"{""kind"":""end"",""parts"":[""[1,{\""type\"":14},[]]""]}",0.0,True,0.39000000001396984,0.3732964000082575,115.0,False,0.01600000000325963,0.34399999998277053,0.1559999999590218,0.1559999999590218,0.18800000002374873,first,,2
4,8,2,0,mega_starmie,"{""kind"":""attach"",""parts"":[""[0,{\""type\"":8},[[2,{\""id\"":1159,\""playerIndex\"":0}],[4,{\""appearThisTurn\"":false,\""energies\"":[],\""energyCards\"":[],\""hp\"":160,\""id\"":666,\""maxHp\"":160,\""playerIndex\"":0,\""preEvolution\"":[],\""tools\"":[]}]]]""]}",1.3016034759941146,True,6.85999999998603,6.591285099973902,115.0,False,0.2809999999590218,6.297000000020489,6.297000000020489,6.297000000020489,0.0,widening,,2
4,9,2,0,mega_starmie,"{""kind"":""attach"",""parts"":[""[0,{\""type\"":8},[[2,{\""id\"":17,\""playerIndex\"":0}],[4,{\""appearThisTurn\"":false,\""energies\"":[],\""energyCards\"":[],\""hp\"":260,\""id\"":666,\""maxHp\"":260,\""playerIndex\"":0,\""preEvolution\"":[],\""tools\"":[{\""id\"":1159,\""playerIndex\"":0}]}]]]""]}",1.2516034759941148,True,1.9839999999967404,1.954478699946776,115.0,False,0.26500000001396984,1.687999999965541,0.9689999999827705,0.9689999999827705,0.7189999999827705,first,1,2
4,10,2,0,mega_starmie,"{""kind"":""play"",""parts"":[""[0,{\""type\"":7},[[2,{\""id\"":1030,\""playerIndex\"":0}]]]""]}",0.37017490456554336,True,1.0939999999827705,1.0819860000046901,115.0,False,0.25,0.8119999999762513,0.7810000000172295,0.7810000000172295,0.030999999959021807,first,1,2
4,11,2,0,mega_starmie,"{""kind"":""play"",""parts"":[""[0,{\""type\"":7},[[2,{\""id\"":1227,\""playerIndex\"":0}]]]""]}",-0.02315842876778995,True,0.6560000000172295,0.6364312999648973,115.0,False,0.1720000000204891,0.4529999999795109,0.2029999999795109,0.2029999999795109,0.25,widening,,0
4,12,2,0,mega_starmie,"{""kind"":""play"",""parts"":[""[0,{\""type\"":7},[[2,{\""id\"":1121,\""playerIndex\"":0}]]]""]}",0.22289005608069462,True,14.827999999979511,14.408593199972529,115.0,False,0.34399999998277053,14.062000000034459,11.51500000001397,11.51500000001397,2.547000000020489,widening,,0
4,13,2,0,mega_starmie,"{""kind"":""card"",""parts"":[""[0,{\""playerIndex\"":0,\""type\"":3},[[2,{\""id\"":1223,\""playerIndex\"":0}]]]"",""[0,{\""playerIndex\"":0,\""type\"":3},[[2,{\""id\"":3,\""playerIndex\"":0}]]]""]}",0.1687238996181097,True,4.797000000020489,4.64438859996153,115.0,False,0.35899999999674037,4.282000000006519,4.282000000006519,4.282000000006519,0.0,widening,,0
4,14,2,0,mega_starmie,"{""kind"":""card"",""parts"":[""[{\""playerIndex\"":0,\""type\"":3},[[1,{\""id\"":1031,\""playerIndex\"":0}]]]""]}",0.30205723295144304,True,4.375,4.2400121000246145,115.0,False,0.26500000001396984,3.952999999979511,0.7809999999590218,0.7809999999590218,3.172000000020489,widening,,0
4,15,2,0,mega_starmie,"{""kind"":""attack"",""parts"":[""[0,{\""attackId\"":965,\""type\"":13},[]]""]}",-0.08377661058597208,True,1.0160000000032596,0.985439200012479,115.0,False,0.10899999999674037,0.8589999999967404,0.15600000001722947,0.15600000001722947,0.7029999999795109,first,,0
4,16,2,0,mega_starmie,"{""kind"":""card"",""parts"":[""[{\""playerIndex\"":0,\""type\"":3},[[1,{\""id\"":3,\""playerIndex\"":0}]]]""]}",-0.8410238095238096,False,0.061999999976251274,0.06382790004136041,115.0,False,0.031000000017229468,0.030999999959021807,0.0,0.0,0.030999999959021807,widening,,0
4,17,,0,mega_starmie,"{""kind"":""forced_selection"",""parts"":[21]}",0.0,True,0.0,0.0009311000467278063,115.0,False,,0.0009311000467278063,,,,,,
4,18,3,1,mega_starmie,"{""kind"":""play"",""parts"":[""[1,{\""type\"":7},[[2,{\""id\"":1145,\""playerIndex\"":1}]]]""]}",5.533415680840739,False,40.53100000001723,39.691841699997894,115.0,False,0.26500000001396984,39.375,0.125,22.21899999998277,17.15600000001723,first,1,4
4,19,3,1,mega_starmie,"{""kind"":""decline"",""parts"":[]}",6.201749520321906,True,28.68800000002375,27.831480200053193,115.0,False,0.26600000000325963,27.56199999997625,16.0,16.0,11.561999999976251,widening,,0
4,20,3,1,mega_starmie,"{""kind"":""play"",""parts"":[""[1,{\""type\"":7},[[2,{\""id\"":1122,\""playerIndex\"":1}]]]""]}",1.871303245803146,True,4.155999999959022,4.066513099998701,115.0,False,0.17199999996228144,3.8439999999827705,3.5619999999762513,3.5619999999762513,0.28200000000651926,first,1,3
4,21,3,1,mega_starmie,"{""kind"":""card"",""parts"":[""[1,{\""playerIndex\"":1,\""type\"":3},[[12,{\""id\"":1225,\""playerIndex\"":1}]]]""]}",6.327582853655239,True,20.98399999999674,20.48184510000283,115.0,False,0.26600000000325963,20.21799999999348,14.73399999999674,14.73399999999674,5.48399999999674,widening,,0
4,22,3,1,mega_starmie,"{""kind"":""evolve"",""parts"":[""[1,{\""type\"":9},[[2,{\""id\"":1031,\""playerIndex\"":1}],[4,{\""appearThisTurn\"":false,\""energies\"":[],\""energyCards\"":[],\""hp\"":20,\""id\"":1030,\""maxHp\"":70,\""playerIndex\"":1,\""preEvolution\"":[],\""tools\"":[]}]]]""]}",6.265082347507406,True,12.969000000040978,12.606107500032522,115.0,False,0.32800000003771856,12.26600000000326,5.327999999979511,5.327999999979511,6.938000000023749,first,1,4
4,23,3,1,mega_starmie,"{""kind"":""attach"",""parts"":[""[1,{\""type\"":8},[[2,{\""id\"":1159,\""playerIndex\"":1}],[4,{\""appearThisTurn\"":true,\""energies\"":[],\""energyCards\"":[],\""hp\"":280,\""id\"":1031,\""maxHp\"":330,\""playerIndex\"":1,\""preEvolution\"":[{\""id\"":1030,\""playerIndex\"":1}],\""tools\"":[]}]]]""]}",4.723394249612704,True,2.9689999999827705,2.852400600037072,115.0,False,0.2809999999590218,2.547000000020489,0.8429999999934807,0.8429999999934807,1.7040000000270084,widening,,0
4,24,3,1,mega_starmie,"{""kind"":""play"",""parts"":[""[1,{\""type\"":7},[[2,{\""id\"":1225,\""playerIndex\"":1}]]]""]}",4.583201323926481,True,0.8279999999795109,0.8116380000137724,115.0,False,0.26500000001396984,0.5149999999557622,0.5,0.5,0.014999999955762178,widening,,0
4,25,3,1,mega_starmie,"{""kind"":""card"",""parts"":[""[{\""playerIndex\"":1,\""type\"":3},[[1,{\""id\"":1031,\""playerIndex\"":1}]]]""]}",4.666534653203568,True,0.7030000000377186,0.6795843000290915,115.0,False,0.26500000001396984,0.40700000000651926,0.26600000000325963,0.26600000000325963,0.14100000000325963,widening,,0
4,26,3,1,mega_starmie,"{""kind"":""card"",""parts"":[""[{\""playerIndex\"":1,\""type\"":3},[[1,{\""id\"":3,\""playerIndex\"":1}]]]""]}",4.666534653203568,True,0.4529999999795109,0.45100399997318164,115.0,False,0.23499999998603016,0.2029999999795109,0.0779999999795109,0.0779999999795109,0.125,widening,,0
4,27,3,1,mega_starmie,"{""kind"":""evolve"",""parts"":[""[1,{\""type\"":9},[[2,{\""id\"":1031,\""playerIndex\"":1}],[5,{\""appearThisTurn\"":false,\""energies\"":[],\""energyCards\"":[],\""hp\"":70,\""id\"":1030,\""maxHp\"":70,\""playerIndex\"":1,\""preEvolution\"":[],\""tools\"":[]}]]]""]}",4.615867990593148,True,0.14100000000325963,0.15013460000045598,115.0,False,0.0779999999795109,0.06300000002374873,0.06300000002374873,0.06300000002374873,0.0,widening,,0
4,28,3,1,mega_starmie,"{""kind"":""attach"",""parts"":[""[1,{\""type\"":8},[[2,{\""id\"":3,\""playerIndex\"":1}],[4,{\""appearThisTurn\"":true,\""energies\"":[],\""energyCards\"":[],\""hp\"":380,\""id\"":1031,\""maxHp\"":430,\""playerIndex\"":1,\""preEvolution\"":[{\""id\"":1030,\""playerIndex\"":1}],\""tools\"":[{\""id\"":1159,\""playerIndex\"":1}]}]]]""]}",4.555867990593148,True,0.06299999996554106,0.068581500032451,115.0,False,0.01600000000325963,0.03200000000651926,0.03200000000651926,0.03200000000651926,0.0,widening,,0
4,29,3,1,mega_starmie,"{""kind"":""attack"",""parts"":[""[1,{\""attackId\"":1487,\""type\"":13},[]]""]}",3.570160179024872,True,0.0470000000204891,0.03722519997972995,115.0,False,0.0,0.01600000000325963,0.01600000000325963,0.01600000000325963,0.0,first,1,1
4,30,,1,mega_starmie,"{""kind"":""forced_selection"",""parts"":[15]}",0.0,True,0.0,0.0016880000475794077,115.0,False,,0.0016880000475794077,,,,,,
4,31,4,0,mega_starmie,"{""kind"":""play"",""parts"":[""[0,{\""type\"":7},[[2,{\""id\"":1122,\""playerIndex\"":0}]]]""]}",3.748528263844734,False,48.78100000001723,47.500704500009306,115.0,False,0.34299999999348074,47.125,0.4529999999795109,26.25,20.875,first,1,1
4,32,4,0,mega_starmie,"{""kind"":""card"",""parts"":[""[0,{\""playerIndex\"":0,\""type\"":3},[[12,{\""id\"":1223,\""playerIndex\"":0}]]]""]}",3.931195986758021,False,81.85899999999674,80.07524099998409,115.0,False,0.35899999999674037,79.68699999997625,0.7649999999557622,0.7649999999557622,78.92200000002049,widening,,0
4,33,4,0,mega_starmie,"{""kind"":""attach"",""parts"":[""[0,{\""type\"":8},[[2,{\""id\"":17,\""playerIndex\"":0}],[5,{\""appearThisTurn\"":false,\""energies\"":[3],\""energyCards\"":[{\""id\"":3,\""playerIndex\"":0}],\""hp\"":20,\""id\"":1030,\""maxHp\"":70,\""playerIndex\"":0,\""preEvolution\"":[],\""tools\"":[]}]]]""]}",3.776294930511401,False,44.04699999996228,43.34269860002678,115.0,False,0.35899999999674037,42.95299999997951,40.125,40.125,2.827999999979511,widening,,0
4,34,4,0,mega_starmie,"{""kind"":""retreat"",""parts"":[""[0,{\""type\"":12},[]]""]}",3.9504517511343873,True,6.422000000020489,6.322757800051477,115.0,False,0.2970000000204891,6.0310000000172295,2.9369999999762513,2.9369999999762513,3.094000000040978,first,,0
4,35,,0,mega_starmie,"{""kind"":""forced_selection"",""parts"":[3]}",0.0,True,0.0,0.0014226999483071268,115.0,False,,0.0014226999483071268,,,,,,
4,36,4,0,mega_starmie,"{""kind"":""evolve"",""parts"":[""[0,{\""type\"":9},[[2,{\""id\"":1031,\""playerIndex\"":0}],[4,{\""appearThisTurn\"":false,\""energies\"":[3,0],\""energyCards\"":[{\""id\"":3,\""playerIndex\"":0},{\""id\"":17,\""playerIndex\"":0}],\""hp\"":20,\""id\"":1030,\""maxHp\"":70,\""playerIndex\"":0,\""preEvolution\"":[],\""tools\"":[]}]]]""]}",3.8715043827133346,True,2.625,2.5629804000491276,115.0,False,0.2970000000204891,2.264999999955762,1.2649999999557622,1.2649999999557622,1.0,first,1,3
4,37,4,0,mega_starmie,"{""kind"":""play"",""parts"":[""[0,{\""type\"":7},[[2,{\""id\"":1120,\""playerIndex\"":0}]]]""]}",2.390642710750486,True,1.3589999999967404,1.3498484999872744,115.0,False,0.26600000000325963,1.062999999965541,0.9379999999655411,0.9379999999655411,0.125,widening,,1
4,38,,0,mega_starmie,"{""kind"":""forced_selection"",""parts"":[30]}",0.0,True,0.0,0.001304499979596585,115.0,False,,0.001304499979596585,,,,,,
4,39,4,0,mega_starmie,"{""kind"":""play"",""parts"":[""[0,{\""type\"":7},[[2,{\""id\"":1223,\""playerIndex\"":0}]]]""]}",1.4426979592789377,True,0.2970000000204891,0.2847779000294395,115.0,False,0.0470000000204891,0.20400000002700835,0.125,0.125,0.07900000002700835,widening,,1
4,40,4,0,mega_starmie,"{""kind"":""attack"",""parts"":[""[0,{\""attackId\"":1488,\""type\"":13},[]]""]}",1.4350979592789377,True,0.030999999959021807,0.027995999960694462,115.0,False,0.0,0.030999999959021807,0.030999999959021807,0.030999999959021807,0.0,first,,1
4,41,5,1,mega_starmie,"{""kind"":""attach"",""parts"":[""[1,{\""type\"":8},[[2,{\""id\"":17,\""playerIndex\"":1}],[4,{\""appearThisTurn\"":false,\""energies\"":[],\""energyCards\"":[],\""hp\"":170,\""id\"":1031,\""maxHp\"":430,\""playerIndex\"":1,\""preEvolution\"":[{\""id\"":1030,\""playerIndex\"":1}],\""tools\"":[{\""id\"":1159,\""playerIndex\"":1}]}]]]""]}",2.808074166668192,True,1.7660000000032596,1.7368701999657787,115.0,False,0.25,1.5,0.7970000000204891,0.7970000000204891,0.7029999999795109,widening,,0
4,42,5,1,mega_starmie,"{""kind"":""retreat"",""parts"":[""[1,{\""type\"":12},[]]""]}",0.551772487081629,True,0.625,0.6203989999485202,115.0,False,0.10899999999674037,0.5,0.45400000002700835,0.45400000002700835,0.045999999972991645,first,,0
4,43,,1,mega_starmie,"{""kind"":""forced_selection"",""parts"":[30]}",0.0,True,0.0,0.0019066999666392803,115.0,False,,0.0019066999666392803,,,,,,
4,44,5,1,mega_starmie,"{""kind"":""card"",""parts"":[""[1,{\""playerIndex\"":1,\""type\"":3},[[5,{\""appearThisTurn\"":false,\""energies\"":[],\""energyCards\"":[],\""hp\"":330,\""id\"":1031,\""maxHp\"":330,\""playerIndex\"":1,\""preEvolution\"":[{\""id\"":1030,\""playerIndex\"":1}],\""tools\"":[]}]]]""]}",2.9835873489183204,True,0.3130000000237487,0.3047660000156611,115.0,False,0.031000000017229468,0.25,0.14100000000325963,0.14100000000325963,0.10899999999674037,widening,,0
4,45,5,1,mega_starmie,"{""kind"":""play"",""parts"":[""[1,{\""type\"":7},[[2,{\""id\"":1223,\""playerIndex\"":1}]]]""]}",0.18543089430894294,True,0.15600000001722947,0.15728210000088438,115.0,False,0.031000000017229468,0.125,0.10899999999674037,0.10899999999674037,0.01600000000325963,first,1,1
4,46,5,1,mega_starmie,"{""kind"":""play"",""parts"":[""[1,{\""type\"":7},[[2,{\""id\"":1120,\""playerIndex\"":1}]]]""]}",0.8226542384408508,True,0.9369999999762513,0.9014166999841109,115.0,False,0.28200000000651926,0.6089999999967404,0.28100000001722947,0.28100000001722947,0.3279999999795109,widening,,0
4,47,,1,mega_starmie,"{""kind"":""forced_selection"",""parts"":[30]}",0.0,True,0.0,0.001164300017990172,115.0,False,,0.001164300017990172,,,,,,
4,48,5,1,mega_starmie,"{""kind"":""end"",""parts"":[""[1,{\""type\"":14},[]]""]}",0.0,True,0.2970000000204891,0.29676800000015646,115.0,False,0.125,0.15600000001722947,0.0,0.0,0.15600000001722947,first,,0
4,49,6,0,mega_starmie,"{""kind"":""attach"",""parts"":[""[0,{\""type\"":8},[[2,{\""id\"":3,\""playerIndex\"":0}],[4,{\""appearThisTurn\"":false,\""energies\"":[],\""energyCards\"":[],\""hp\"":280,\""id\"":1031,\""maxHp\"":330,\""playerIndex\"":0,\""preEvolution\"":[{\""id\"":1030,\""playerIndex\"":0}],\""tools\"":[]}]]]""]}",2.7940551424555267,True,0.17199999996228144,0.15789289999520406,115.0,False,0.06299999996554106,0.0779999999795109,0.06300000002374873,0.06300000002374873,0.014999999955762178,widening,,0
4,50,6,0,mega_starmie,"{""kind"":""attack"",""parts"":[""[0,{\""attackId\"":1487,\""type\"":13},[]]""]}",1.572318632975702,True,0.07800000003771856,0.07350689999293536,115.0,False,0.031000000017229468,0.0470000000204891,0.03200000000651926,0.03200000000651926,0.015000000013969839,first,1,1
4,51,6,0,mega_starmie,"{""kind"":""card"",""parts"":[""[1,{\""playerIndex\"":1,\""type\"":3},[[5,{\""appearThisTurn\"":false,\""energies\"":[],\""energyCards\"":[],\""hp\"":170,\""id\"":1031,\""maxHp\"":430,\""playerIndex\"":1,\""preEvolution\"":[{\""id\"":1030,\""playerIndex\"":1}],\""tools\"":[{\""id\"":1159,\""playerIndex\"":1}]}]]]""]}",0.47883146318770464,True,0.4059999999590218,0.3648949000053108,115.0,False,0.01600000000325963,0.34399999998277053,0.25,0.25,0.09399999998277053,widening,,0
4,52,7,1,mega_starmie,"{""kind"":""play"",""parts"":[""[1,{\""type\"":7},[[2,{\""id\"":1145,\""playerIndex\"":1}]]]""]}",3.1715418825001542,True,8.219000000040978,8.184944699984044,115.0,False,0.3130000000237487,7.842999999993481,7.467999999993481,7.467999999993481,0.375,first,1,1
4,53,7,1,mega_starmie,"{""kind"":""card"",""parts"":[""[{\""playerIndex\"":1,\""type\"":3},[[1,{\""id\"":1031,\""playerIndex\"":1}]]]""]}",3.2486529936112656,True,6.421999999962281,6.362322800036054,115.0,False,0.2809999999590218,6.094000000040978,3.9540000000270084,3.9540000000270084,2.14000000001397,widening,,0
4,54,7,1,mega_starmie,"{""kind"":""evolve"",""parts"":[""[1,{\""type\"":9},[[2,{\""id\"":1031,\""playerIndex\"":1}],[5,{\""appearThisTurn\"":false,\""energies\"":[],\""energyCards\"":[],\""hp\"":70,\""id\"":1030,\""maxHp\"":70,\""playerIndex\"":1,\""preEvolution\"":[],\""tools\"":[]}]]]""]}",3.2548752158334877,True,4.10899999999674,4.075175500009209,115.0,False,0.28100000001722947,3.7810000000172295,3.4689999999827705,3.4689999999827705,0.31200000003445894,widening,,0
4,55,7,1,mega_starmie,"{""kind"":""attach"",""parts"":[""[1,{\""type\"":8},[[2,{\""id\"":3,\""playerIndex\"":1}],[4,{\""appearThisTurn\"":false,\""energies\"":[],\""energyCards\"":[],\""hp\"":210,\""id\"":1031,\""maxHp\"":330,\""playerIndex\"":1,\""preEvolution\"":[{\""id\"":1030,\""playerIndex\"":1}],\""tools\"":[]}]]]""]}",3.1948752158334877,True,2.1410000000032596,2.1302961999899708,115.0,False,0.26600000000325963,1.8589999999967404,0.7810000000172295,0.7810000000172295,1.077999999979511,widening,,0
4,56,7,1,mega_starmie,"{""kind"":""play"",""parts"":[""[1,{\""type\"":7},[[2,{\""id\"":1227,\""playerIndex\"":1}]]]""]}",1.8628578998161718,True,0.5929999999934807,0.5842389999888837,115.0,False,0.10899999999674037,0.45300000003771856,0.15600000001722947,0.15600000001722947,0.2970000000204891,widening,,1
4,57,7,1,mega_starmie,"{""kind"":""attack"",""parts"":[""[1,{\""attackId\"":1487,\""type\"":13},[]]""]}",1.0653764183346903,True,0.2970000000204891,0.29694840003503487,115.0,False,0.03200000000651926,0.26500000001396984,0.07800000003771856,0.07800000003771856,0.18699999997625127,first,1,1
4,58,,1,mega_starmie,"{""kind"":""forced_selection"",""parts"":[15]}",0.0,True,0.0,0.0020268000080250204,115.0,False,,0.0020268000080250204,,,,,,
4,59,7,1,mega_starmie,"{""kind"":""card"",""parts"":[""[{\""area\"":6,\""index\"":0,\""playerIndex\"":1,\""type\"":3},[]]""]}",0.5435,True,0.8599999999860302,0.8202906000078656,115.0,False,0.01600000000325963,0.7959999999729916,0.7959999999729916,0.7959999999729916,0.0,widening,,0
4,60,8,0,mega_starmie,"{""kind"":""attach"",""parts"":[""[0,{\""type\"":8},[[2,{\""id\"":17,\""playerIndex\"":0}],[4,{\""appearThisTurn\"":false,\""energies\"":[3],\""energyCards\"":[{\""id\"":3,\""playerIndex\"":0}],\""hp\"":160,\""id\"":1031,\""maxHp\"":330,\""playerIndex\"":0,\""preEvolution\"":[{\""id\"":1030,\""playerIndex\"":0}],\""tools\"":[]}]]]""]}",5.791314206475703,True,0.7030000000377186,0.6808034999994561,115.0,False,0.3130000000237487,0.35899999999674037,0.35899999999674037,0.35899999999674037,0.0,widening,,2
4,61,8,0,mega_starmie,"{""kind"":""attack"",""parts"":[""[0,{\""attackId\"":1488,\""type\"":13},[]]""]}",4.535354610516107,True,0.5149999999557622,0.4863193000201136,115.0,False,0.14100000000325963,0.31200000003445894,0.31200000003445894,0.31200000003445894,0.0,first,,2
4,62,8,0,mega_starmie,"{""kind"":""card"",""parts"":[""[{\""area\"":6,\""index\"":0,\""playerIndex\"":0,\""type\"":3},[]]"",""[{\""area\"":6,\""index\"":1,\""playerIndex\"":0,\""type\"":3},[]]"",""[{\""area\"":6,\""index\"":2,\""playerIndex\"":0,\""type\"":3},[]]""]}",3.981827364554637,False,0.4380000000237487,0.4392341999919154,115.0,False,0.125,0.2970000000204891,0.031000000017229468,0.031000000017229468,0.26600000000325963,widening,,0
4,63,8,1,mega_starmie,"{""kind"":""card"",""parts"":[""[1,{\""playerIndex\"":1,\""type\"":3},[[5,{\""appearThisTurn\"":false,\""energies\"":[],\""energyCards\"":[],\""hp\"":330,\""id\"":1031,\""maxHp\"":330,\""playerIndex\"":1,\""preEvolution\"":[{\""id\"":1030,\""playerIndex\"":1}],\""tools\"":[]}]]]""]}",100.75869976945084,True,2.1089999999967404,2.033580500050448,115.0,False,0.0,2.0160000000032596,0.6879999999655411,0.6879999999655411,1.3280000000377186,widening,,0
4,64,,1,mega_starmie,"{""kind"":""attach"",""parts"":[""[1,{\""type\"":8},[[2,{\""id\"":17,\""playerIndex\"":1}],[4,{\""appearThisTurn\"":false,\""energies\"":[],\""energyCards\"":[],\""hp\"":330,\""id\"":1031,\""maxHp\"":330,\""playerIndex\"":1,\""preEvolution\"":[{\""id\"":1030,\""playerIndex\"":1}],\""tools\"":[]}]]]""]}",0.0,True,0.25,0.2522758999839425,115.0,False,0.23399999999674037,0.2522758999839425,,,,,,
4,65,,1,mega_starmie,"{""kind"":""attack"",""parts"":[""[1,{\""attackId\"":1488,\""type\"":13},[]]""]}",0.0,True,0.031000000017229468,0.04305360000580549,115.0,False,0.031000000017229468,0.04305360000580549,,,,,,
4,66,,1,mega_starmie,"{""kind"":""card"",""parts"":[""[{\""area\"":6,\""index\"":0,\""playerIndex\"":1,\""type\"":3},[]]"",""[{\""area\"":6,\""index\"":1,\""playerIndex\"":1,\""type\"":3},[]]"",""[{\""area\"":6,\""index\"":2,\""playerIndex\"":1,\""type\"":3},[]]""]}",0.0,True,0.06299999996554106,0.054055499960668385,115.0,False,0.046999999962281436,0.054055499960668385,,,,,,
5,0,,0,mega_starmie,"{""kind"":""choose_start"",""parts"":[41]}",0.0,True,3.9530000000377186,0.00012089998926967382,,False,,0.00012089998926967382,,,,,,
5,1,,0,mega_starmie,"{""kind"":""setup_active"",""parts"":[1]}",0.0,True,0.0,0.00023989996407181025,,False,,0.00023989996407181025,,,,,,
5,2,,1,mega_starmie,"{""kind"":""setup_active"",""parts"":[1]}",0.0,True,0.01600000000325963,0.0002785000251606107,,False,,0.0002785000251606107,,,,,,
5,3,,0,mega_starmie,"{""kind"":""free_draw_count"",""parts"":[38]}",0.0,True,0.0,0.00016789999790489674,,False,,0.00016789999790489674,,,,,,
5,4,1,1,mega_starmie,"{""kind"":""play"",""parts"":[""[1,{\""type\"":7},[[2,{\""id\"":1145,\""playerIndex\"":1}]]]""]}",0.834095238095238,True,2.7339999999967404,2.597484699974302,115.0,False,0.39100000000325963,2.172000000020489,1.8440000000409782,1.8440000000409782,0.3279999999795109,first,1,3
5,5,1,1,mega_starmie,"{""kind"":""card"",""parts"":[""[{\""playerIndex\"":1,\""type\"":3},[[1,{\""id\"":1031,\""playerIndex\"":1}]]]""]}",0.7015952380952382,True,1.8599999999860302,1.8087376999901608,115.0,False,0.23399999999674037,1.562999999965541,0.9849999999860302,0.9849999999860302,0.5779999999795109,widening,,0
5,6,1,1,mega_starmie,"{""kind"":""play"",""parts"":[""[1,{\""type\"":7},[[2,{\""id\"":1122,\""playerIndex\"":1}]]]""]}",0.33076190476190476,True,0.9679999999934807,0.9385405000066385,115.0,False,0.15600000001722947,0.7809999999590218,0.7809999999590218,0.7809999999590218,0.0,first,2,2
5,7,1,1,mega_starmie,"{""kind"":""card"",""parts"":[""[1,{\""playerIndex\"":1,\""type\"":3},[[12,{\""id\"":1227,\""playerIndex\"":1}]]]""]}",0.3540952380952381,True,0.5470000000204891,0.5357333999709226,115.0,False,0.25,0.26600000000325963,0.2029999999795109,0.2029999999795109,0.06300000002374873,widening,,0
5,8,1,1,mega_starmie,"{""kind"":""play"",""parts"":[""[1,{\""type\"":7},[[2,{\""id\"":1086,\""playerIndex\"":1}]]]""]}",0.3507619047619048,True,0.23499999998603016,0.22539879998657852,115.0,False,0.10999999998603016,0.09399999998277053,0.09399999998277053,0.09399999998277053,0.0,first,1,2
5,9,1,1,mega_starmie,"{""kind"":""card"",""parts"":[""[{\""playerIndex\"":1,\""type\"":3},[[1,{\""id\"":1030,\""playerIndex\"":1}]]]"",""[{\""playerIndex\"":1,\""type\"":3},[[1,{\""id\"":1030,\""playerIndex\"":1}]]]""]}",0.284095238095238,True,0.17099999997299165,0.16113429999677464,115.0,False,0.0779999999795109,0.06300000002374873,0.0470000000204891,0.0470000000204891,0.01600000000325963,widening,,0
5,10,1,1,mega_starmie,"{""kind"":""attach"",""parts"":[""[1,{\""type\"":8},[[2,{\""id\"":3,\""playerIndex\"":1}],[4,{\""appearThisTurn\"":true,\""energies\"":[],\""energyCards\"":[],\""hp\"":70,\""id\"":1030,\""maxHp\"":70,\""playerIndex\"":1,\""preEvolution\"":[],\""tools\"":[]}]]]""]}",0.2540952380952381,True,0.07900000002700835,0.06759890000103042,115.0,False,0.03200000000651926,0.031000000017229468,0.031000000017229468,0.031000000017229468,0.0,first,1,1
5,11,1,1,mega_starmie,"{""kind"":""end"",""parts"":[""[1,{\""type\"":14},[]]""]}",0.0,True,0.045999999972991645,0.03701190004358068,115.0,False,0.015000000013969839,0.01600000000325963,0.0,0.0,0.01600000000325963,first,,0
5,12,2,0,mega_starmie,"{""kind"":""play"",""parts"":[""[0,{\""type\"":7},[[2,{\""id\"":1145,\""playerIndex\"":0}]]]""]}",2.1549964953017384,True,7.282000000006519,7.17228990001604,115.0,False,0.2970000000204891,6.8439999999827705,6.561999999976251,6.561999999976251,0.28200000000651926,first,1,3
5,13,2,0,mega_starmie,"{""kind"":""decline"",""parts"":[]}",2.2883298286350717,True,5.812000000034459,5.645465500012506,115.0,False,0.25,5.375,2.8439999999827705,2.8439999999827705,2.5310000000172295,widening,,0
5,14,2,0,mega_starmie,"{""kind"":""attach"",""parts"":[""[0,{\""type\"":8},[[2,{\""id\"":1159,\""playerIndex\"":0}],[4,{\""appearThisTurn\"":false,\""energies\"":[],\""energyCards\"":[],\""hp\"":70,\""id\"":1030,\""maxHp\"":70,\""playerIndex\"":0,\""preEvolution\"":[],\""tools\"":[]}]]]""]}",2.238329828635072,True,3.8589999999967404,3.8161037000245415,115.0,False,0.3119999999762513,3.5,3.047000000020489,3.047000000020489,0.4529999999795109,widening,,3
5,15,2,0,mega_starmie,"{""kind"":""attach"",""parts"":[""[0,{\""type\"":8},[[2,{\""id\"":17,\""playerIndex\"":0}],[4,{\""appearThisTurn\"":false,\""energies\"":[],\""energyCards\"":[],\""hp\"":170,\""id\"":1030,\""maxHp\"":170,\""playerIndex\"":0,\""preEvolution\"":[],\""tools\"":[{\""id\"":1159,\""playerIndex\"":0}]}]]]""]}",1.9411534500689278,True,1.375,1.347219999996014,115.0,False,0.2649999999557622,1.0790000000270084,0.8440000000409782,0.8440000000409782,0.23499999998603016,first,1,3
5,16,2,0,mega_starmie,"{""kind"":""play"",""parts"":[""[0,{\""type\"":7},[[2,{\""id\"":1189,\""playerIndex\"":0}]]]""]}",2.1311534500689278,True,0.9379999999655411,0.9149625999853015,115.0,False,0.2649999999557622,0.6410000000032596,0.4690000000409782,0.4690000000409782,0.17199999996228144,first,1,2
5,17,2,0,mega_starmie,"{""kind"":""card"",""parts"":[""[{\""playerIndex\"":0,\""type\"":3},[[1,{\""id\"":1031,\""playerIndex\"":0}]]]""]}",2.076986783402261,True,0.45300000003771856,0.4338059999863617,115.0,False,0.15700000000651926,0.26500000001396984,0.23399999999674037,0.23399999999674037,0.031000000017229468,widening,,0
5,18,,0,mega_starmie,"{""kind"":""forced_selection"",""parts"":[18]}",0.0,True,0.0,0.001144799985922873,115.0,False,,0.001144799985922873,,,,,,
5,19,2,0,mega_starmie,"{""kind"":""attack"",""parts"":[""[0,{\""attackId\"":1488,\""type\"":13},[]]""]}",0.2977883066057072,True,0.3279999999795109,0.32162060000700876,115.0,False,0.125,0.1720000000204891,0.125,0.125,0.0470000000204891,first,,0
5,20,2,0,mega_starmie,"{""kind"":""card"",""parts"":[""[{\""area\"":6,\""index\"":4,\""playerIndex\"":0,\""type\"":3},[]]""]}",0.7503312454382056,True,0.6410000000032596,0.622181200014893,115.0,False,0.0470000000204891,0.5779999999795109,0.48399999999674037,0.48399999999674037,0.09399999998277053,widening,,0
5,21,2,1,mega_starmie,"{""kind"":""card"",""parts"":[""[1,{\""playerIndex\"":1,\""type\"":3},[[5,{\""appearThisTurn\"":false,\""energies\"":[],\""energyCards\"":[],\""hp\"":70,\""id\"":1030,\""maxHp\"":70,\""playerIndex\"":1,\""preEvolution\"":[],\""tools\"":[]}]]]""]}",1.6750658883973413,True,2.0310000000172295,2.0073958999710158,115.0,False,0.015000000013969839,2.0,2.0,2.0,0.0,widening,,0
5,22,3,1,mega_starmie,"{""kind"":""evolve"",""parts"":[""[1,{\""type\"":9},[[2,{\""id\"":1031,\""playerIndex\"":1}],[4,{\""appearThisTurn\"":false,\""energies\"":[],\""energyCards\"":[],\""hp\"":70,\""id\"":1030,\""maxHp\"":70,\""playerIndex\"":1,\""preEvolution\"":[],\""tools\"":[]}]]]""]}",0.708177777777778,True,0.35899999999674037,0.3464318999904208,115.0,False,0.01600000000325963,0.32800000003771856,0.23399999999674037,0.23399999999674037,0.0940000000409782,first,1,2
5,23,3,1,mega_starmie,"{""kind"":""play"",""parts"":[""[1,{\""type\"":7},[[2,{\""id\"":1227,\""playerIndex\"":1}]]]""]}",0.6481777777777781,True,0.14100000000325963,0.1412508999928832,115.0,False,0.0,0.125,0.046999999962281436,0.046999999962281436,0.07800000003771856,first,1,1
5,24,3,1,mega_starmie,"{""kind"":""play"",""parts"":[""[1,{\""type\"":7},[[2,{\""id\"":1122,\""playerIndex\"":1}]]]""]}",1.860643431828225,True,1.2649999999557622,1.2218172999564558,115.0,False,0.06300000002374873,1.1089999999967404,1.1089999999967404,1.1089999999967404,0.0,first,1,1
5,25,3,1,mega_starmie,"{""kind"":""card"",""parts"":[""[1,{\""playerIndex\"":1,\""type\"":3},[[12,{\""id\"":1189,\""playerIndex\"":1}]]]""]}",1.880643431828225,True,0.8910000000032596,0.8725506999762729,115.0,False,0.18800000002374873,0.6709999999729916,0.40600000001722947,0.40600000001722947,0.2649999999557622,widening,,0
5,26,3,1,mega_starmie,"{""kind"":""attach"",""parts"":[""[1,{\""type\"":8},[[2,{\""id\"":1159,\""playerIndex\"":1}],[4,{\""appearThisTurn\"":true,\""energies\"":[],\""energyCards\"":[],\""hp\"":330,\""id\"":1031,\""maxHp\"":330,\""playerIndex\"":1,\""preEvolution\"":[{\""id\"":1030,\""playerIndex\"":1}],\""tools\"":[]}]]]""]}",1.8806434318282248,True,0.2970000000204891,0.2822714000358246,115.0,False,0.0470000000204891,0.23399999999674037,0.18699999997625127,0.18699999997625127,0.0470000000204891,widening,,2
5,27,3,1,mega_starmie,"{""kind"":""attach"",""parts"":[""[1,{\""type\"":8},[[2,{\""id\"":3,\""playerIndex\"":1}],[4,{\""appearThisTurn\"":true,\""energies\"":[],\""energyCards\"":[],\""hp\"":430,\""id\"":1031,\""maxHp\"":430,\""playerIndex\"":1,\""preEvolution\"":[{\""id\"":1030,\""playerIndex\"":1}],\""tools\"":[{\""id\"":1159,\""playerIndex\"":1}]}]]]""]}",1.830643431828225,True,0.14100000000325963,0.135189900000114,115.0,False,0.045999999972991645,0.06300000002374873,0.06300000002374873,0.06300000002374873,0.0,first,2,2
5,28,3,1,mega_starmie,"{""kind"":""attack"",""parts"":[""[1,{\""attackId\"":1487,\""type\"":13},[]]""]}",0.9882868426809384,True,0.031000000017229468,0.026263499981723726,115.0,False,0.0,0.01600000000325963,0.01600000000325963,0.01600000000325963,0.0,first,,0
5,29,4,0,mega_starmie,"{""kind"":""attach"",""parts"":[""[0,{\""type\"":8},[[2,{\""id\"":17,\""playerIndex\"":0}],[4,{\""appearThisTurn\"":false,\""energies\"":[],\""energyCards\"":[],\""hp\"":310,\""id\"":1031,\""maxHp\"":430,\""playerIndex\"":0,\""preEvolution\"":[{\""id\"":1030,\""playerIndex\"":0}],\""tools\"":[{\""id\"":1159,\""playerIndex\"":0}]}]]]""]}",1.9423990845384456,True,0.48399999999674037,0.4749218000215478,115.0,False,0.0470000000204891,0.40600000001722947,0.2970000000204891,0.2970000000204891,0.10899999999674037,widening,,0
5,30,4,0,mega_starmie,"{""kind"":""play"",""parts"":[""[0,{\""type\"":7},[[2,{\""id\"":1120,\""playerIndex\"":0}]]]""]}",0.39576967524813844,True,0.34399999998277053,0.3387321999762207,115.0,False,0.046999999962281436,0.2970000000204891,0.2970000000204891,0.2970000000204891,0.0,widening,,0
5,31,,0,mega_starmie,"{""kind"":""forced_selection"",""parts"":[30]}",0.0,True,0.0,0.0013797999708913267,115.0,False,,0.0013797999708913267,,,,,,
5,32,4,0,mega_starmie,"{""kind"":""play"",""parts"":[""[0,{\""type\"":7},[[2,{\""id\"":1227,\""playerIndex\"":0}]]]""]}",-0.46766580133598756,True,0.14100000000325963,0.12398949998896569,115.0,False,0.0,0.09399999998277053,0.09399999998277053,0.09399999998277053,0.0,widening,,0
5,33,4,0,mega_starmie,"{""kind"":""attack"",""parts"":[""[0,{\""attackId\"":1488,\""type\"":13},[]]""]}",-0.37073826510410335,True,0.28100000001722947,0.2848416999913752,115.0,False,0.10899999999674037,0.15600000001722947,0.015000000013969839,0.015000000013969839,0.14100000000325963,first,,0
5,34,5,1,mega_starmie,"{""kind"":""play"",""parts"":[""[1,{\""type\"":7},[[2,{\""id\"":1225,\""playerIndex\"":1}]]]""]}",3.080935478108864,True,2.827999999979511,2.7633344000205398,115.0,False,0.3119999999762513,2.4689999999827705,2.4689999999827705,2.4689999999827705,0.0,widening,,1
5,35,5,1,mega_starmie,"{""kind"":""card"",""parts"":[""[{\""playerIndex\"":1,\""type\"":3},[[1,{\""id\"":1031,\""playerIndex\"":1}]]]""]}",3.1642687398900073,True,1.077999999979511,1.065857999958098,115.0,False,0.26500000001396984,0.7809999999590218,0.4529999999795109,0.4529999999795109,0.3279999999795109,widening,,0
5,36,5,1,mega_starmie,"{""kind"":""card"",""parts"":[""[{\""playerIndex\"":1,\""type\"":3},[[1,{\""id\"":3,\""playerIndex\"":1}]]]""]}",2.6642687398900073,True,0.7030000000377186,0.6761133000254631,115.0,False,0.26500000001396984,0.40700000000651926,0.18800000002374873,0.18800000002374873,0.21899999998277053,widening,,0
5,37,5,1,mega_starmie,"{""kind"":""evolve"",""parts"":[""[1,{\""type\"":9},[[2,{\""id\"":1031,\""playerIndex\"":1}],[5,{\""appearThisTurn\"":false,\""energies\"":[],\""energyCards\"":[],\""hp\"":70,\""id\"":1030,\""maxHp\"":70,\""playerIndex\"":1,\""preEvolution\"":[],\""tools\"":[]}]]]""]}",2.613602144775531,True,0.375,0.35093509999569505,115.0,False,0.1559999999590218,0.1720000000204891,0.1720000000204891,0.1720000000204891,0.0,widening,,0
5,38,5,1,mega_starmie,"{""kind"":""attach"",""parts"":[""[1,{\""type\"":8},[[2,{\""id\"":3,\""playerIndex\"":1}],[4,{\""appearThisTurn\"":false,\""energies\"":[],\""energyCards\"":[],\""hp\"":220,\""id\"":1031,\""maxHp\"":430,\""playerIndex\"":1,\""preEvolution\"":[{\""id\"":1030,\""playerIndex\"":1}],\""tools\"":[{\""id\"":1159,\""playerIndex\"":1}]}]]]""]}",2.553602144775531,True,0.14100000000325963,0.138589599984698,115.0,False,0.046999999962281436,0.0940000000409782,0.07800000003771856,0.07800000003771856,0.01600000000325963,widening,,0
5,39,5,1,mega_starmie,"{""kind"":""attack"",""parts"":[""[1,{\""attackId\"":1487,\""type\"":13},[]]""]}",1.4033685863859335,True,0.046999999962281436,0.044538000016473234,115.0,False,0.01600000000325963,0.0,0.0,0.0,0.0,first,,0
5,40,6,0,mega_starmie,"{""kind"":""play"",""parts"":[""[0,{\""type\"":7},[[2,{\""id\"":1145,\""playerIndex\"":0}]]]""]}",5.54566524412816,True,6.7810000000172295,6.606858599989209,115.0,False,0.35899999999674037,6.217999999993481,6.187000000034459,6.187000000034459,0.030999999959021807,first,2,2
5,41,6,0,mega_starmie,"{""kind"":""card"",""parts"":[""[{\""playerIndex\"":0,\""type\"":3},[[1,{\""id\"":1031,\""playerIndex\"":0}]]]""]}",6.212333031044474,True,6.23399999999674,6.0492457000073045,115.0,False,0.3119999999762513,5.717999999993481,3.812000000034459,3.812000000034459,1.9059999999590218,widening,,0
5,42,6,0,mega_starmie,"{""kind"":""play"",""parts"":[""[0,{\""type\"":7},[[2,{\""id\"":1145,\""playerIndex\"":0}]]]""]}",6.212331910794827,True,3.922000000020489,3.779232399945613,115.0,False,0.3130000000237487,3.4689999999827705,3.4369999999762513,3.4369999999762513,0.03200000000651926,first,2,2
5,43,6,0,mega_starmie,"{""kind"":""card"",""parts"":[""[{\""playerIndex\"":0,\""type\"":3},[[1,{\""id\"":1031,\""playerIndex\"":0}]]]""]}",6.878999697711141,True,4.01600000000326,3.925974000012502,115.0,False,0.29699999996228144,3.6089999999967404,1.3900000000139698,1.3900000000139698,2.2189999999827705,widening,,0
5,44,6,0,mega_starmie,"{""kind"":""play"",""parts"":[""[0,{\""type\"":7},[[2,{\""id\"":1229,\""playerIndex\"":0}]]]""]}",6.878998577461494,True,1.4689999999827705,1.423647899995558,115.0,False,0.29699999996228144,1.125,0.9220000000204891,0.9220000000204891,0.2029999999795109,first,2,2
5,45,,0,mega_starmie,"{""kind"":""forced_selection"",""parts"":[17]}",0.0,True,0.015000000013969839,0.0010935000027529895,115.0,False,,0.0010935000027529895,,,,,,
5,46,6,0,mega_starmie,"{""kind"":""play"",""parts"":[""[0,{\""type\"":7},[[2,{\""id\"":1086,\""playerIndex\"":0}]]]""]}",4.182557089265288,True,0.5469999999622814,0.546828499995172,115.0,False,0.25,0.29699999996228144,0.26600000000325963,0.26600000000325963,0.030999999959021807,first,1,3
5,47,6,0,mega_starmie,"{""kind"":""card"",""parts"":[""[{\""playerIndex\"":0,\""type\"":3},[[1,{\""id\"":1030,\""playerIndex\"":0}]]]"",""[{\""playerIndex\"":0,\""type\"":3},[[1,{\""id\"":1030,\""playerIndex\"":0}]]]""]}",4.2658915428482675,True,0.375,0.3556554000242613,115.0,False,0.15600000001722947,0.18699999997625127,0.125,0.125,0.061999999976251274,widening,,0
5,48,6,0,mega_starmie,"{""kind"":""attach"",""parts"":[""[0,{\""type\"":8},[[2,{\""id\"":3,\""playerIndex\"":0}],[4,{\""appearThisTurn\"":false,\""energies\"":[],\""energyCards\"":[],\""hp\"":430,\""id\"":1031,\""maxHp\"":430,\""playerIndex\"":0,\""preEvolution\"":[{\""id\"":1030,\""playerIndex\"":0}],\""tools\"":[{\""id\"":1159,\""playerIndex\"":0}]}]]]""]}",4.145890422598621,True,0.15600000001722947,0.1517530000419356,115.0,False,0.06300000002374873,0.0779999999795109,0.0779999999795109,0.0779999999795109,0.0,first,2,2
5,49,6,0,mega_starmie,"{""kind"":""attack"",""parts"":[""[0,{\""attackId\"":1487,\""type\"":13},[]]""]}",2.378375271083469,True,0.03200000000651926,0.026555400050710887,115.0,False,0.01600000000325963,0.01600000000325963,0.0,0.0,0.01600000000325963,first,1,1
5,50,,0,mega_starmie,"{""kind"":""forced_selection"",""parts"":[15]}",0.0,True,0.0,0.0017590000061318278,115.0,False,,0.0017590000061318278,,,,,,
5,51,7,1,mega_starmie,"{""kind"":""play"",""parts"":[""[1,{\""type\"":7},[[2,{\""id\"":1229,\""playerIndex\"":1}]]]""]}",6.519887900481863,True,9.0,8.870804200007115,115.0,False,0.3279999999795109,8.53200000000652,1.672000000020489,1.672000000020489,6.85999999998603,first,1,2
5,52,7,1,mega_starmie,"{""kind"":""card"",""parts"":[""[1,{\""playerIndex\"":1,\""type\"":3},[[4,{\""appearThisTurn\"":false,\""energies\"":[3],\""energyCards\"":[{\""id\"":3,\""playerIndex\"":1}],\""hp\"":100,\""id\"":1031,\""maxHp\"":430,\""playerIndex\"":1,\""preEvolution\"":[{\""id\"":1030,\""playerIndex\"":1}],\""tools\"":[{\""id\"":1159,\""playerIndex\"":1}]}]]]""]}",6.686556906237111,True,2.5459999999729916,2.4839626000029966,115.0,False,0.375,2.0939999999827705,1.125,1.125,0.9689999999827705,widening,,0
5,53,7,1,mega_starmie,"{""kind"":""attach"",""parts"":[""[1,{\""type\"":8},[[2,{\""id\"":3,\""playerIndex\"":1}],[4,{\""appearThisTurn\"":false,\""energies\"":[],\""energyCards\"":[],\""hp\"":430,\""id\"":1031,\""maxHp\"":430,\""playerIndex\"":1,\""preEvolution\"":[{\""id\"":1030,\""playerIndex\"":1}],\""tools\"":[{\""id\"":1159,\""playerIndex\"":1}]}]]]""]}",2.168347369925451,True,1.3600000000442378,1.3047528000315651,115.0,False,0.32900000002700835,0.9839999999967404,0.5929999999934807,0.5929999999934807,0.39100000000325963,first,2,2
5,54,7,1,mega_starmie,"{""kind"":""attack"",""parts"":[""[1,{\""attackId\"":1487,\""type\"":13},[]]""]}",1.2593241141114977,True,0.42199999996228144,0.4320377000258304,115.0,False,0.2809999999590218,0.14100000000325963,0.01600000000325963,0.01600000000325963,0.125,first,1,1
5,55,7,1,mega_starmie,"{""kind"":""card"",""parts"":[""[0,{\""playerIndex\"":0,\""type\"":3},[[5,{\""appearThisTurn\"":false,\""energies\"":[],\""energyCards\"":[],\""hp\"":70,\""id\"":1030,\""maxHp\"":70,\""playerIndex\"":0,\""preEvolution\"":[],\""tools\"":[]}]]]""]}",1.7308473039970793,True,0.6870000000344589,0.6424942000303417,115.0,False,0.01600000000325963,0.625,0.625,0.625,0.0,widening,,0
5,56,8,0,mega_starmie,"{""kind"":""evolve"",""parts"":[""[0,{\""type\"":9},[[2,{\""id\"":1031,\""playerIndex\"":0}],[5,{\""appearThisTurn\"":false,\""energies\"":[],\""energyCards\"":[],\""hp\"":20,\""id\"":1030,\""maxHp\"":70,\""playerIndex\"":0,\""preEvolution\"":[],\""tools\"":[]}]]]""]}",2.657789455360617,True,6.171999999962281,5.989557000051718,115.0,False,0.39100000000325963,5.594000000040978,4.610000000044238,4.610000000044238,0.9839999999967404,widening,,1
5,57,8,0,mega_starmie,"{""kind"":""evolve"",""parts"":[""[0,{\""type\"":9},[[2,{\""id\"":1031,\""playerIndex\"":0}],[5,{\""appearThisTurn\"":false,\""energies\"":[],\""energyCards\"":[],\""hp\"":70,\""id\"":1030,\""maxHp\"":70,\""playerIndex\"":0,\""preEvolution\"":[],\""tools\"":[]}]]]""]}",1.832789455360617,True,2.4839999999967404,2.3852423999924213,115.0,False,0.3130000000237487,2.062999999965541,1.9059999999590218,1.9059999999590218,0.15700000000651926,widening,,1
5,58,8,0,mega_starmie,"{""kind"":""attach"",""parts"":[""[0,{\""type\"":8},[[2,{\""id\"":17,\""playerIndex\"":0}],[4,{\""appearThisTurn\"":false,\""energies\"":[3],\""energyCards\"":[{\""id\"":3,\""playerIndex\"":0}],\""hp\"":310,\""id\"":1031,\""maxHp\"":430,\""playerIndex\"":0,\""preEvolution\"":[{\""id\"":1030,\""playerIndex\"":0}],\""tools\"":[{\""id\"":1159,\""playerIndex\"":0}]}]]]""]}",1.772789455360617,True,1.2190000000409782,1.1886570999631658,115.0,False,0.2970000000204891,0.875,0.7029999999795109,0.7029999999795109,0.1720000000204891,widening,,1
5,59,8,0,mega_starmie,"{""kind"":""attack"",""parts"":[""[0,{\""attackId\"":1488,\""type\"":13},[]]""]}",1.1556960136031675,True,0.875,0.8519775000168011,115.0,False,0.2809999999590218,0.5470000000204891,0.21799999999348074,0.21799999999348074,0.32900000002700835,first,,1
5,60,9,1,mega_starmie,"{""kind"":""attach"",""parts"":[""[1,{\""type\"":8},[[2,{\""id\"":17,\""playerIndex\"":1}],[4,{\""appearThisTurn\"":false,\""energies\"":[3],\""energyCards\"":[{\""id\"":3,\""playerIndex\"":1}],\""hp\"":220,\""id\"":1031,\""maxHp\"":430,\""playerIndex\"":1,\""preEvolution\"":[{\""id\"":1030,\""playerIndex\"":1}],\""tools\"":[{\""id\"":1159,\""playerIndex\"":1}]}]]]""]}",3.23359549719874,True,8.01600000000326,7.958865499997046,115.0,False,0.3119999999762513,7.64100000000326,5.188000000023749,5.188000000023749,2.452999999979511,widening,,1
5,61,9,1,mega_starmie,"{""kind"":""play"",""parts"":[""[1,{\""type\"":7},[[2,{\""id\"":1227,\""playerIndex\"":1}]]]""]}",2.421215884438407,True,4.764999999955762,4.72694840002805,115.0,False,0.29699999996228144,4.422000000020489,0.375,0.375,4.047000000020489,widening,,1
5,62,9,1,mega_starmie,"{""kind"":""play"",""parts"":[""[1,{\""type\"":7},[[2,{\""id\"":1120,\""playerIndex\"":1}]]]""]}",4.105030477180923,True,1.422000000020489,1.3909221999929287,115.0,False,0.39100000000325963,0.9839999999967404,0.9839999999967404,0.9839999999967404,0.0,widening,,1
5,63,9,1,mega_starmie,"{""kind"":""play"",""parts"":[""[1,{\""type\"":7},[[2,{\""id\"":1120,\""playerIndex\"":1}]]]""]}",3.4759070944148993,True,1.0,0.9916199999861419,115.0,False,0.26600000000325963,0.7029999999795109,0.7029999999795109,0.7029999999795109,0.0,widening,,1
5,64,,1,mega_starmie,"{""kind"":""forced_selection"",""parts"":[30]}",0.0,True,0.01600000000325963,0.0017926000291481614,115.0,False,,0.0017926000291481614,,,,,,
5,65,9,1,mega_starmie,"{""kind"":""attack"",""parts"":[""[1,{\""attackId\"":1488,\""type\"":13},[]]""]}",2.2176603288828516,True,0.35899999999674037,0.3585472999839112,115.0,False,0.25,0.10899999999674037,0.0779999999795109,0.0779999999795109,0.031000000017229468,first,,1
5,66,10,0,mega_starmie,"{""kind"":""end"",""parts"":[""[0,{\""type\"":14},[]]""]}",0.0,True,0.40700000000651926,0.4017087999964133,115.0,False,0.2970000000204891,0.09399999998277053,0.046999999962281436,0.046999999962281436,0.0470000000204891,first,,0
5,67,11,1,mega_starmie,"{""kind"":""attach"",""parts"":[""[1,{\""type\"":8},[[2,{\""id\"":3,\""playerIndex\"":1}],[4,{\""appearThisTurn\"":false,\""energies\"":[3],\""energyCards\"":[{\""id\"":3,\""playerIndex\"":1}],\""hp\"":220,\""id\"":1031,\""maxHp\"":430,\""playerIndex\"":1,\""preEvolution\"":[{\""id\"":1030,\""playerIndex\"":1}],\""tools\"":[{\""id\"":1159,\""playerIndex\"":1}]}]]]""]}",0.3617510990464056,True,7.795999999972992,7.547645899991039,115.0,False,0.4529999999795109,7.077999999979511,6.48499999998603,6.48499999998603,0.5929999999934807,widening,,1
5,68,11,1,mega_starmie,"{""kind"":""attack"",""parts"":[""[1,{\""attackId\"":1487,\""type\"":13},[]]""]}",0.2776979429002262,True,1.6410000000032596,1.578778799972497,115.0,False,0.3130000000237487,1.25,0.7179999999934807,0.7179999999934807,0.5320000000065193,first,1,1
5,69,11,1,mega_starmie,"{""kind"":""card"",""parts"":[""[0,{\""playerIndex\"":0,\""type\"":3},[[5,{\""appearThisTurn\"":false,\""energies\"":[],\""energyCards\"":[],\""hp\"":330,\""id\"":1031,\""maxHp\"":330,\""playerIndex\"":0,\""preEvolution\"":[{\""id\"":1030,\""playerIndex\"":0}],\""tools\"":[]}]]]""]}",0.24154637794484302,True,2.9060000000172295,2.752392599999439,115.0,False,0.26600000000325963,2.4689999999827705,0.7820000000065193,0.7820000000065193,1.6869999999762513,widening,,0
5,70,11,1,mega_starmie,"{""kind"":""card"",""parts"":[""[{\""area\"":6,\""index\"":0,\""playerIndex\"":1,\""type\"":3},[]]"",""[{\""area\"":6,\""index\"":1,\""playerIndex\"":1,\""type\"":3},[]]"",""[{\""area\"":6,\""index\"":2,\""playerIndex\"":1,\""type\"":3},[]]""]}",4.423410852713179,True,1.0160000000032596,0.9756550999591127,115.0,False,0.125,0.8279999999795109,0.2029999999795109,0.2029999999795109,0.625,widening,,0
5,71,11,0,mega_starmie,"{""kind"":""card"",""parts"":[""[0,{\""playerIndex\"":0,\""type\"":3},[[5,{\""appearThisTurn\"":false,\""energies\"":[],\""energyCards\"":[],\""hp\"":280,\""id\"":1031,\""maxHp\"":330,\""playerIndex\"":0,\""preEvolution\"":[{\""id\"":1030,\""playerIndex\"":0}],\""tools\"":[]}]]]""]}",-1.9760650151009482,True,0.6089999999967404,0.6046503999968991,115.0,False,0.0,0.5929999999934807,0.5929999999934807,0.5929999999934807,0.0,widening,,0
5,72,12,0,mega_starmie,"{""kind"":""play"",""parts"":[""[0,{\""type\"":7},[[2,{\""id\"":1227,\""playerIndex\"":0}]]]""]}",0.2937904761904761,True,0.8279999999795109,0.8168362000142224,115.0,False,0.1720000000204891,0.625,0.2970000000204891,0.2970000000204891,0.3279999999795109,widening,,0
5,73,12,0,mega_starmie,"{""kind"":""play"",""parts"":[""[0,{\""type\"":7},[[2,{\""id\"":1122,\""playerIndex\"":0}]]]""]}",4.815556093479993,True,32.54700000002049,31.936461000004783,115.0,False,0.3440000000409782,31.57799999997951,27.280999999959022,27.280999999959022,4.297000000020489,first,1,1
5,74,12,0,mega_starmie,"{""kind"":""card"",""parts"":[""[0,{\""playerIndex\"":0,\""type\"":3},[[12,{\""id\"":1223,\""playerIndex\"":0}]]]""]}",4.855724018137353,True,19.34399999998277,18.876412399986293,115.0,False,0.2970000000204891,18.56300000002375,11.704000000027008,11.704000000027008,6.85899999999674,widening,,0
5,75,12,0,mega_starmie,"{""kind"":""play"",""parts"":[""[0,{\""type\"":7},[[2,{\""id\"":1122,\""playerIndex\"":0}]]]""]}",4.7723894268133265,True,6.26600000000326,6.092413200007286,115.0,False,0.2970000000204891,5.7810000000172295,4.25,4.25,1.5310000000172295,first,1,1
5,76,12,0,mega_starmie,"{""kind"":""card"",""parts"":[""[0,{\""playerIndex\"":0,\""type\"":3},[[12,{\""id\"":1229,\""playerIndex\"":0}]]]""]}",4.919057351470686,True,5.0939999999827705,4.943803400034085,115.0,False,0.3130000000237487,4.625,1.2189999999827705,1.2189999999827705,3.4060000000172295,widening,,0
5,77,12,0,mega_starmie,"{""kind"":""attach"",""parts"":[""[0,{\""type\"":8},[[2,{\""id\"":3,\""playerIndex\"":0}],[4,{\""appearThisTurn\"":false,\""energies\"":[],\""energyCards\"":[],\""hp\"":280,\""id\"":1031,\""maxHp\"":330,\""playerIndex\"":0,\""preEvolution\"":[{\""id\"":1030,\""playerIndex\"":0}],\""tools\"":[]}]]]""]}",4.792389426813326,True,1.3130000000237487,1.2449048000271432,115.0,False,0.31200000003445894,0.9379999999655411,0.48499999998603016,0.48499999998603016,0.4529999999795109,widening,,0
5,78,12,0,mega_starmie,"{""kind"":""play"",""parts"":[""[0,{\""type\"":7},[[2,{\""id\"":1120,\""playerIndex\"":0}]]]""]}",3.041403200918009,True,0.7339999999967404,0.7280861000181176,115.0,False,0.26500000001396984,0.4529999999795109,0.43799999996554106,0.43799999996554106,0.015000000013969839,widening,,1
5,79,12,0,mega_starmie,"{""kind"":""play"",""parts"":[""[0,{\""type\"":7},[[2,{\""id\"":1120,\""playerIndex\"":0}]]]""]}",2.4917369471427717,True,0.4220000000204891,0.3707431000075303,115.0,False,0.14100000000325963,0.21899999998277053,0.2029999999795109,0.2029999999795109,0.01600000000325963,widening,,1
5,80,12,0,mega_starmie,"{""kind"":""energy"",""parts"":[""[1,{\""count\"":1,\""energyIndex\"":0,\""playerIndex\"":1,\""type\"":6},[[4,{\""appearThisTurn\"":false,\""energies\"":[3,3],\""energyCards\"":[{\""id\"":3,\""playerIndex\"":1},{\""id\"":3,\""playerIndex\"":1}],\""hp\"":220,\""id\"":1031,\""maxHp\"":430,\""playerIndex\"":1,\""preEvolution\"":[{\""id\"":1030,\""playerIndex\"":1}],\""tools\"":[{\""id\"":1159,\""playerIndex\"":1}]}]]]""]}",2.712904753831152,True,0.125,0.11372429999755695,115.0,False,0.0470000000204891,0.06300000002374873,0.06300000002374873,0.06300000002374873,0.0,widening,,0
5,81,12,0,mega_starmie,"{""kind"":""attack"",""parts"":[""[0,{\""attackId\"":1487,\""type\"":13},[]]""]}",2.3702370651117515,True,0.09399999998277053,0.08768009999766946,115.0,False,0.03200000000651926,0.0470000000204891,0.031000000017229468,0.031000000017229468,0.01600000000325963,first,1,1
5,82,,0,mega_starmie,"{""kind"":""forced_selection"",""parts"":[15]}",0.0,True,0.0,0.001148599956650287,115.0,False,,0.001148599956650287,,,,,,
5,83,13,1,mega_starmie,"{""kind"":""play"",""parts"":[""[1,{\""type\"":7},[[2,{\""id\"":1122,\""playerIndex\"":1}]]]""]}",7.381715617824879,False,20.26600000000326,19.647094400017522,115.0,False,0.29699999996228144,19.31300000002375,0.20300000003771856,15.0,4.313000000023749,first,1,2
5,84,13,1,mega_starmie,"{""kind"":""attach"",""parts"":[""[1,{\""type\"":8},[[2,{\""id\"":17,\""playerIndex\"":1}],[4,{\""appearThisTurn\"":false,\""energies\"":[3],\""energyCards\"":[{\""id\"":3,\""playerIndex\"":1}],\""hp\"":100,\""id\"":1031,\""maxHp\"":430,\""playerIndex\"":1,\""preEvolution\"":[{\""id\"":1030,\""playerIndex\"":1}],\""tools\"":[{\""id\"":1159,\""playerIndex\"":1}]}]]]""]}",3.8596576741054203,True,3.75,3.624547299987171,115.0,False,0.29699999996228144,3.3280000000377186,1.3589999999967404,1.3589999999967404,1.9690000000409782,widening,,1
5,85,13,1,mega_starmie,"{""kind"":""play"",""parts"":[""[1,{\""type\"":7},[[2,{\""id\"":1097,\""playerIndex\"":1}]]]""]}",3.0661305423224743,True,1.4369999999762513,1.4116856000036933,115.0,False,0.2809999999590218,1.125,1.047000000020489,1.047000000020489,0.0779999999795109,widening,,1
5,86,13,1,mega_starmie,"{""kind"":""card"",""parts"":[""[1,{\""playerIndex\"":1,\""type\"":3},[[3,{\""id\"":1030,\""playerIndex\"":1}]]]""]}",3.1494657138006175,True,1.0630000000237487,1.0406311000115238,115.0,False,0.26600000000325963,0.75,0.6410000000032596,0.6410000000032596,0.10899999999674037,widening,,0
5,87,13,1,mega_starmie,"{""kind"":""play"",""parts"":[""[1,{\""type\"":7},[[2,{\""id\"":1030,\""playerIndex\"":1}]]]""]}",3.1494638756558078,True,1.1559999999590218,1.1226962999789976,115.0,False,0.28200000000651926,0.8280000000377186,0.7650000000139698,0.7650000000139698,0.06300000002374873,widening,,1
5,88,13,1,mega_starmie,"{""kind"":""retreat"",""parts"":[""[1,{\""type\"":12},[]]""]}",3.3394638756558077,True,0.8130000000237487,0.7691861999919638,115.0,False,0.25,0.5160000000032596,0.2970000000204891,0.2970000000204891,0.21899999998277053,first,,1
5,89,13,1,mega_starmie,"{""kind"":""energy"",""parts"":[""[1,{\""count\"":3,\""energyIndex\"":1,\""playerIndex\"":1,\""type\"":6},[[4,{\""appearThisTurn\"":false,\""energies\"":[3,0,0,0],\""energyCards\"":[{\""id\"":3,\""playerIndex\"":1},{\""id\"":17,\""playerIndex\"":1}],\""hp\"":100,\""id\"":1031,\""maxHp\"":430,\""playerIndex\"":1,\""preEvolution\"":[{\""id\"":1030,\""playerIndex\"":1}],\""tools\"":[{\""id\"":1159,\""playerIndex\"":1}]}]]]""]}",3.3394657138006174,True,0.42099999997299165,0.4060108999838121,115.0,False,0.17099999997299165,0.23500000004423782,0.23500000004423782,0.23500000004423782,0.0,widening,,0
5,90,13,1,mega_starmie,"{""kind"":""decline"",""parts"":[]}",4.322992845583563,True,0.40700000000651926,0.40934219997143373,115.0,False,0.18800000002374873,0.21899999998277053,0.10899999999674037,0.10899999999674037,0.10999999998603016,widening,,0
5,91,13,1,mega_starmie,"{""kind"":""card"",""parts"":[""[1,{\""playerIndex\"":1,\""type\"":3},[[5,{\""appearThisTurn\"":true,\""energies\"":[],\""energyCards\"":[],\""hp\"":70,\""id\"":1030,\""maxHp\"":70,\""playerIndex\"":1,\""preEvolution\"":[],\""tools\"":[]}]]]""]}",4.322992845583563,True,0.21799999999348074,0.21688580000773072,115.0,False,0.10999999998603016,0.09299999999348074,0.09299999999348074,0.09299999999348074,0.0,widening,,0
5,92,13,1,mega_starmie,"{""kind"":""play"",""parts"":[""[1,{\""type\"":7},[[2,{\""id\"":1189,\""playerIndex\"":1}]]]""]}",1.7662294531605132,True,0.18800000002374873,0.18306899996241555,115.0,False,0.125,0.031000000017229468,0.031000000017229468,0.031000000017229468,0.0,first,1,1
5,93,13,1,mega_starmie,"{""kind"":""card"",""parts"":[""[{\""playerIndex\"":1,\""type\"":3},[[1,{\""id\"":1031,\""playerIndex\"":1}]]]""]}",1.8495646246386555,True,0.061999999976251274,0.062297799973748624,115.0,False,0.015000000013969839,0.030999999959021807,0.030999999959021807,0.030999999959021807,0.0,widening,,0
5,94,,1,mega_starmie,"{""kind"":""forced_selection"",""parts"":[18]}",0.0,True,0.06300000002374873,0.0011915999930351973,115.0,False,,0.0011915999930351973,,,,,,
5,95,,1,mega_starmie,"{""kind"":""forced_selection"",""parts"":[0]}",0.0,True,0.01600000000325963,0.00165789999300614,115.0,False,,0.00165789999300614,,,,,,
5,96,14,0,mega_starmie,"{""kind"":""attach"",""parts"":[""[0,{\""type\"":8},[[2,{\""id\"":3,\""playerIndex\"":0}],[4,{\""appearThisTurn\"":false,\""energies\"":[3],\""energyCards\"":[{\""id\"":3,\""playerIndex\"":0}],\""hp\"":280,\""id\"":1031,\""maxHp\"":330,\""playerIndex\"":0,\""preEvolution\"":[{\""id\"":1030,\""playerIndex\"":0}],\""tools\"":[]}]]]""]}",2.015645294217004,True,4.5,4.463353099999949,115.0,False,0.29599999997299165,4.172000000020489,3.25,3.25,0.9220000000204891,widening,,1
5,97,14,0,mega_starmie,"{""kind"":""attack"",""parts"":[""[0,{\""attackId\"":1487,\""type\"":13},[]]""]}",1.7026976358148,True,1.5310000000172295,1.5113246000255458,115.0,False,0.26600000000325963,1.2190000000409782,0.06300000002374873,0.06300000002374873,1.1560000000172295,first,1,1
5,98,14,0,mega_starmie,"{""kind"":""card"",""parts"":[""[1,{\""playerIndex\"":1,\""type\"":3},[[5,{\""appearThisTurn\"":false,\""energies\"":[3],\""energyCards\"":[{\""id\"":3,\""playerIndex\"":1}],\""hp\"":100,\""id\"":1031,\""maxHp\"":430,\""playerIndex\"":1,\""preEvolution\"":[{\""id\"":1030,\""playerIndex\"":1}],\""tools\"":[{\""id\"":1159,\""playerIndex\"":1}]}]]]""]}",0.608134785840182,False,0.046999999962281436,0.04707219998817891,115.0,False,0.014999999955762178,0.03200000000651926,0.01600000000325963,0.01600000000325963,0.01600000000325963,widening,,0
5,99,15,1,mega_starmie,"{""kind"":""attach"",""parts"":[""[1,{\""type\"":8},[[2,{\""id\"":3,\""playerIndex\"":1}],[4,{\""appearThisTurn\"":false,\""energies\"":[],\""energyCards\"":[],\""hp\"":210,\""id\"":1031,\""maxHp\"":330,\""playerIndex\"":1,\""preEvolution\"":[{\""id\"":1030,\""playerIndex\"":1}],\""tools\"":[]}]]]""]}",2.6923720817355425,True,1.1400000000139698,1.1172128000180237,115.0,False,0.3279999999795109,0.7660000000032596,0.40700000000651926,0.40700000000651926,0.35899999999674037,widening,,0
5,100,15,1,mega_starmie,"{""kind"":""attack"",""parts"":[""[1,{\""attackId\"":1487,\""type\"":13},[]]""]}",1.9404240297874908,True,0.5320000000065193,0.5280047999694943,115.0,False,0.26600000000325963,0.23499999998603016,0.046999999962281436,0.046999999962281436,0.18800000002374873,first,1,1
5,101,,1,mega_starmie,"{""kind"":""forced_selection"",""parts"":[15]}",0.0,True,0.015000000013969839,0.0019861000473611057,115.0,False,,0.0019861000473611057,,,,,,
5,102,16,0,mega_starmie,"{""kind"":""play"",""parts"":[""[0,{\""type\"":7},[[2,{\""id\"":1229,\""playerIndex\"":0}]]]""]}",6.373808150122394,True,2.8439999999827705,2.7645897999755107,115.0,False,0.5,2.25,1.0939999999827705,1.0939999999827705,1.1560000000172295,first,1,2
5,103,16,0,mega_starmie,"{""kind"":""card"",""parts"":[""[0,{\""playerIndex\"":0,\""type\"":3},[[4,{\""appearThisTurn\"":false,\""energies\"":[3,3],\""energyCards\"":[{\""id\"":3,\""playerIndex\"":0},{\""id\"":3,\""playerIndex\"":0}],\""hp\"":160,\""id\"":1031,\""maxHp\"":330,\""playerIndex\"":0,\""preEvolution\"":[{\""id\"":1030,\""playerIndex\"":0}],\""tools\"":[]}]]]""]}",6.490474708060791,True,1.1089999999967404,1.0638057999894954,115.0,False,0.26600000000325963,0.7959999999729916,0.7959999999729916,0.7959999999729916,0.0,widening,,0
5,104,16,0,mega_starmie,"{""kind"":""attach"",""parts"":[""[0,{\""type\"":8},[[2,{\""id\"":3,\""playerIndex\"":0}],[4,{\""appearThisTurn\"":false,\""energies\"":[],\""energyCards\"":[],\""hp\"":330,\""id\"":1031,\""maxHp\"":330,\""playerIndex\"":0,\""preEvolution\"":[{\""id\"":1030,\""playerIndex\"":0}],\""tools\"":[]}]]]""]}",5.578047815513656,True,0.8439999999827705,0.7426055999821983,115.0,False,0.28200000000651926,0.43799999996554106,0.43799999996554106,0.43799999996554106,0.0,first,1,1
5,105,16,0,mega_starmie,"{""kind"":""attack"",""parts"":[""[0,{\""attackId\"":1487,\""type\"":13},[]]""]}",3.6001430536088943,True,1.2030000000377186,1.1571761000086553,115.0,False,0.48399999999674037,0.6560000000172295,0.32800000003771856,0.32800000003771856,0.3279999999795109,first,1,1
5,106,16,0,mega_starmie,"{""kind"":""card"",""parts"":[""[1,{\""playerIndex\"":1,\""type\"":3},[[5,{\""appearThisTurn\"":false,\""energies\"":[],\""energyCards\"":[],\""hp\"":230,\""id\"":1031,\""maxHp\"":330,\""playerIndex\"":1,\""preEvolution\"":[{\""id\"":1030,\""playerIndex\"":1}],\""tools\"":[]}]]]""]}",0.6020739481451732,False,2.25,2.1528727999539115,115.0,False,0.1559999999590218,2.0,0.125,0.125,1.875,widening,,0
5,107,17,1,mega_starmie,"{""kind"":""attach"",""parts"":[""[1,{\""type\"":8},[[2,{\""id\"":3,\""playerIndex\"":1}],[4,{\""appearThisTurn\"":false,\""energies\"":[3],\""energyCards\"":[{\""id\"":3,\""playerIndex\"":1}],\""hp\"":90,\""id\"":1031,\""maxHp\"":330,\""playerIndex\"":1,\""preEvolution\"":[{\""id\"":1030,\""playerIndex\"":1}],\""tools\"":[]}]]]""]}",2.175297327920555,True,4.780999999959022,4.702732099976856,115.0,False,0.34399999998277053,4.342999999993481,2.64000000001397,2.64000000001397,1.702999999979511,widening,,1
5,108,17,1,mega_starmie,"{""kind"":""play"",""parts"":[""[1,{\""type\"":7},[[2,{\""id\"":1227,\""playerIndex\"":1}]]]""]}",1.9572592395267359,True,2.5,2.4679238999960944,115.0,False,0.2970000000204891,2.172000000020489,0.3279999999795109,0.3279999999795109,1.8440000000409782,widening,,1
5,109,17,1,mega_starmie,"{""kind"":""play"",""parts"":[""[1,{\""type\"":7},[[2,{\""id\"":1120,\""playerIndex\"":1}]]]""]}",5.198354083327852,True,2.4540000000270084,2.4001414999947883,115.0,False,0.26600000000325963,2.125,1.9839999999967404,1.9839999999967404,0.14100000000325963,widening,,1
5,110,17,1,mega_starmie,"{""kind"":""play"",""parts"":[""[1,{\""type\"":7},[[2,{\""id\"":1120,\""playerIndex\"":1}]]]""]}",4.023497071902083,True,1.437999999965541,1.4022088999627158,115.0,False,0.25,1.125,0.9839999999967404,0.9839999999967404,0.14100000000325963,widening,,1
5,111,,1,mega_starmie,"{""kind"":""forced_selection"",""parts"":[30]}",0.0,True,0.0,0.0019939999911002815,115.0,False,,0.0019939999911002815,,,,,,
5,112,17,1,mega_starmie,"{""kind"":""attack"",""parts"":[""[1,{\""attackId\"":1487,\""type\"":13},[]]""]}",1.673783049050545,True,0.48399999999674037,0.4821292000124231,115.0,False,0.21799999999348074,0.26600000000325963,0.03200000000651926,0.03200000000651926,0.23399999999674037,first,1,1
5,113,,1,mega_starmie,"{""kind"":""forced_selection"",""parts"":[15]}",0.0,True,0.0,0.001151899981778115,115.0,False,,0.001151899981778115,,,,,,
5,114,18,0,mega_starmie,"{""kind"":""attach"",""parts"":[""[0,{\""type\"":8},[[2,{\""id\"":3,\""playerIndex\"":0}],[4,{\""appearThisTurn\"":false,\""energies\"":[],\""energyCards\"":[],\""hp\"":210,\""id\"":1031,\""maxHp\"":330,\""playerIndex\"":0,\""preEvolution\"":[{\""id\"":1030,\""playerIndex\"":0}],\""tools\"":[]}]]]""]}",9.203878787878788,False,17.375,17.108548299991526,115.0,False,0.34299999999348074,16.73399999999674,10.03100000001723,10.03100000001723,6.702999999979511,widening,,0
5,115,18,0,mega_starmie,"{""kind"":""end"",""parts"":[""[0,{\""type\"":14},[]]""]}",0.0,True,11.938000000023749,11.678647699998692,115.0,False,0.28100000001722947,11.375,0.29599999997299165,0.29599999997299165,11.079000000027008,first,,1
5,116,,1,mega_starmie,"{""kind"":""play"",""parts"":[""[1,{\""type\"":7},[[2,{\""id\"":1145,\""playerIndex\"":1}]]]""]}",0.0,True,0.0779999999795109,0.07515470002545044,115.0,False,0.06299999996554106,0.07515470002545044,,,,,,
5,117,,1,mega_starmie,"{""kind"":""play"",""parts"":[""[1,{\""type\"":7},[[2,{\""id\"":1145,\""playerIndex\"":1}]]]""]}",0.0,True,0.07800000003771856,0.08046809997176751,115.0,False,0.06300000002374873,0.08046809997176751,,,,,,
5,118,,1,mega_starmie,"{""kind"":""play"",""parts"":[""[1,{\""type\"":7},[[2,{\""id\"":1189,\""playerIndex\"":1}]]]""]}",0.0,True,0.061999999976251274,0.05970849998993799,115.0,False,0.0470000000204891,0.05970849998993799,,,,,,
5,119,,1,mega_starmie,"{""kind"":""attach"",""parts"":[""[1,{\""type\"":8},[[2,{\""id\"":3,\""playerIndex\"":1}],[4,{\""appearThisTurn\"":false,\""energies\"":[3,3],\""energyCards\"":[{\""id\"":3,\""playerIndex\"":1},{\""id\"":3,\""playerIndex\"":1}],\""hp\"":90,\""id\"":1031,\""maxHp\"":330,\""playerIndex\"":1,\""preEvolution\"":[{\""id\"":1030,\""playerIndex\"":1}],\""tools\"":[]}]]]""]}",0.0,True,0.031000000017229468,0.038153500005137175,115.0,False,0.031000000017229468,0.038153500005137175,,,,,,
5,120,,1,mega_starmie,"{""kind"":""attack"",""parts"":[""[1,{\""attackId\"":1488,\""type\"":13},[]]""]}",0.0,True,0.06299999996554106,0.03777529997751117,115.0,False,0.01600000000325963,0.03777529997751117,,,,,,
5,121,,1,mega_starmie,"{""kind"":""card"",""parts"":[""[{\""area\"":6,\""index\"":0,\""playerIndex\"":1,\""type\"":3},[]]"",""[{\""area\"":6,\""index\"":1,\""playerIndex\"":1,\""type\"":3},[]]"",""[{\""area\"":6,\""index\"":2,\""playerIndex\"":1,\""type\"":3},[]]""]}",0.0,True,0.0,0.010754099988844246,115.0,False,0.0,0.010754099988844246,,,,,,
6,0,,0,mega_starmie,"{""kind"":""choose_start"",""parts"":[41]}",0.0,True,3.030999999959022,0.0001354999840259552,,False,,0.0001354999840259552,,,,,,
6,1,,1,mega_starmie,"{""kind"":""setup_active"",""parts"":[1]}",0.0,True,0.031000000017229468,0.00022340001305565238,,False,,0.00022340001305565238,,,,,,
6,2,,0,mega_starmie,"{""kind"":""mulligan"",""parts"":[42]}",0.0,True,0.0,0.000284800014924258,,False,,0.000284800014924258,,,,,,
6,3,,0,mega_starmie,"{""kind"":""setup_active"",""parts"":[1]}",0.0,True,0.0,0.00015980005264282227,,False,,0.00015980005264282227,,,,,,
6,4,,1,mega_starmie,"{""kind"":""free_draw_count"",""parts"":[38]}",0.0,True,0.0,0.00016789999790489674,,False,,0.00016789999790489674,,,,,,
6,5,,1,mega_starmie,"{""kind"":""setup_bench_decline"",""parts"":[2]}",0.0,True,0.0,0.00013540004147216678,,False,,0.00013540004147216678,,,,,,
6,6,1,1,mega_starmie,"{""kind"":""play"",""parts"":[""[1,{\""type\"":7},[[2,{\""id\"":1086,\""playerIndex\"":1}]]]""]}",0.68,True,5.85999999998603,5.7352628000080585,115.0,False,0.35899999999674037,5.3439999999827705,5.2810000000172295,5.2810000000172295,0.06299999996554106,first,2,2
6,7,1,1,mega_starmie,"{""kind"":""card"",""parts"":[""[{\""playerIndex\"":1,\""type\"":3},[[1,{\""id\"":1030,\""playerIndex\"":1}]]]"",""[{\""playerIndex\"":1,\""type\"":3},[[1,{\""id\"":1030,\""playerIndex\"":1}]]]""]}",0.5633333333333334,True,3.062000000034459,2.9806732999859378,115.0,False,0.2970000000204891,2.6719999999622814,1.1559999999590218,1.1559999999590218,1.5160000000032596,widening,,0
6,8,1,1,mega_starmie,"{""kind"":""end"",""parts"":[""[1,{\""type\"":14},[]]""]}",0.0,True,1.077999999979511,1.043532099982258,115.0,False,0.2809999999590218,0.7350000000442378,0.11000000004423782,0.11000000004423782,0.625,first,,1
6,9,2,0,mega_starmie,"{""kind"":""play"",""parts"":[""[0,{\""type\"":7},[[2,{\""id\"":1086,\""playerIndex\"":0}]]]""]}",1.217530376402468,True,35.71899999998277,35.27992230001837,115.0,False,0.34399999998277053,34.92200000002049,32.89100000000326,32.89100000000326,2.0310000000172295,first,1,3
6,10,2,0,mega_starmie,"{""kind"":""card"",""parts"":[""[{\""playerIndex\"":0,\""type\"":3},[[1,{\""id\"":1030,\""playerIndex\"":0}]]]"",""[{\""playerIndex\"":0,\""type\"":3},[[1,{\""id\"":1030,\""playerIndex\"":0}]]]""]}",1.4285308866065496,True,21.219000000040978,20.775130299967714,115.0,False,0.28100000001722947,20.48399999999674,7.577999999979511,7.577999999979511,12.90600000001723,widening,,0
6,11,2,0,mega_starmie,"{""kind"":""attach"",""parts"":[""[0,{\""type\"":8},[[2,{\""id\"":17,\""playerIndex\"":0}],[4,{\""appearThisTurn\"":false,\""energies\"":[],\""energyCards\"":[],\""hp\"":160,\""id\"":666,\""maxHp\"":160,\""playerIndex\"":0,\""preEvolution\"":[],\""tools\"":[]}]]]""]}",0.7585303764024679,True,8.780999999959022,8.622986599977594,115.0,False,0.3119999999762513,8.313000000023749,5.26600000000326,5.26600000000326,3.047000000020489,first,1,2
6,12,2,0,mega_starmie,"{""kind"":""play"",""parts"":[""[0,{\""type\"":7},[[2,{\""id\"":1121,\""playerIndex\"":0}]]]""]}",0.3793339478310393,True,3.75,3.657230000011623,115.0,False,0.31200000003445894,3.327999999979511,3.202999999979511,3.202999999979511,0.125,widening,,0
6,13,2,0,mega_starmie,"{""kind"":""card"",""parts"":[""[0,{\""playerIndex\"":0,\""type\"":3},[[2,{\""id\"":1086,\""playerIndex\"":0}]]]"",""[0,{\""playerIndex\"":0,\""type\"":3},[[2,{\""id\"":1223,\""playerIndex\"":0}]]]""]}",0.46266779136845426,True,0.9380000000237487,0.9123446000157855,115.0,False,0.26600000000325963,0.6400000000139698,0.6400000000139698,0.6400000000139698,0.0,widening,,0
6,14,2,0,mega_starmie,"{""kind"":""card"",""parts"":[""[{\""playerIndex\"":0,\""type\"":3},[[1,{\""id\"":1031,\""playerIndex\"":0}]]]""]}",0.5350011247017876,True,0.9060000000172295,0.8749899999820627,115.0,False,0.26600000000325963,0.5939999999827705,0.34399999998277053,0.34399999998277053,0.25,widening,,0
6,15,2,0,mega_starmie,"{""kind"":""play"",""parts"":[""[0,{\""type\"":7},[[2,{\""id\"":1182,\""playerIndex\"":0}]]]""]}",0.20166728116437266,True,0.35899999999674037,0.3367912999819964,115.0,False,0.1559999999590218,0.18800000002374873,0.18800000002374873,0.18800000002374873,0.0,widening,,0
6,16,2,0,mega_starmie,"{""kind"":""card"",""parts"":[""[1,{\""playerIndex\"":1,\""type\"":3},[[5,{\""appearThisTurn\"":false,\""energies\"":[],\""energyCards\"":[],\""hp\"":70,\""id\"":1030,\""maxHp\"":70,\""playerIndex\"":1,\""preEvolution\"":[],\""tools\"":[]}]]]""]}",0.2850011247017876,True,0.18799999996554106,0.18157809996046126,115.0,False,0.0779999999795109,0.09399999998277053,0.09399999998277053,0.09399999998277053,0.0,widening,,0
6,17,2,0,mega_starmie,"{""kind"":""attack"",""parts"":[""[0,{\""attackId\"":965,\""type\"":13},[]]""]}",-0.21723152835943682,True,0.15600000001722947,0.14593439997406676,115.0,False,0.0470000000204891,0.0779999999795109,0.06299999996554106,0.06299999996554106,0.015000000013969839,first,,0
6,18,2,0,mega_starmie,"{""kind"":""card"",""parts"":[""[{\""playerIndex\"":0,\""type\"":3},[[1,{\""id\"":3,\""playerIndex\"":0}]]]""]}",-0.842857142857143,False,0.10899999999674037,0.10903120000148192,115.0,False,0.0470000000204891,0.0470000000204891,0.01600000000325963,0.01600000000325963,0.031000000017229468,widening,,0
6,19,2,0,mega_starmie,"{""kind"":""card"",""parts"":[""[0,{\""playerIndex\"":0,\""type\"":3},[[5,{\""appearThisTurn\"":true,\""energies\"":[],\""energyCards\"":[],\""hp\"":70,\""id\"":1030,\""maxHp\"":70,\""playerIndex\"":0,\""preEvolution\"":[],\""tools\"":[]}]]]""]}",-0.842857142857143,False,0.03200000000651926,0.03245930001139641,115.0,False,0.01600000000325963,0.01600000000325963,0.01600000000325963,0.01600000000325963,0.0,widening,,0
6,20,3,1,mega_starmie,"{""kind"":""play"",""parts"":[""[1,{\""type\"":7},[[2,{\""id\"":1145,\""playerIndex\"":1}]]]""]}",3.5875744119447837,False,81.73499999998603,81.436175299983,115.0,False,0.39100000000325963,80.98500000004424,0.39100000000325963,0.39100000000325963,80.59400000004098,first,1,3
6,21,3,1,mega_starmie,"{""kind"":""card"",""parts"":[""[{\""playerIndex\"":1,\""type\"":3},[[1,{\""id\"":1031,\""playerIndex\"":1}]]]""]}",4.595908758799228,True,85.95299999997951,85.73120959999505,115.0,False,0.40600000001722947,85.31300000002375,46.92200000002049,46.92200000002049,38.39100000000326,widening,,0
6,22,3,1,mega_starmie,"{""kind"":""evolve"",""parts"":[""[1,{\""type\"":9},[[2,{\""id\"":1031,\""playerIndex\"":1}],[4,{\""appearThisTurn\"":false,\""energies\"":[],\""energyCards\"":[],\""hp\"":20,\""id\"":1030,\""maxHp\"":70,\""playerIndex\"":1,\""preEvolution\"":[],\""tools\"":[]}]]]""]}",3.962574411944784,True,56.71799999999348,56.5870525999926,115.0,False,0.34399999998277053,56.23399999999674,21.93800000002375,21.93800000002375,34.29599999997299,first,1,3
6,23,3,1,mega_starmie,"{""kind"":""evolve"",""parts"":[""[1,{\""type\"":9},[[2,{\""id\"":1031,\""playerIndex\"":1}],[5,{\""appearThisTurn\"":false,\""energies\"":[],\""energyCards\"":[],\""hp\"":70,\""id\"":1030,\""maxHp\"":70,\""playerIndex\"":1,\""preEvolution\"":[],\""tools\"":[]}]]]""]}",2.4208884335831793,True,15.547000000020489,15.45357310003601,115.0,False,0.2970000000204891,15.15600000001723,13.452999999979511,13.452999999979511,1.7030000000377186,widening,,0
6,24,3,1,mega_starmie,"{""kind"":""attach"",""parts"":[""[1,{\""type\"":8},[[2,{\""id\"":3,\""playerIndex\"":1}],[4,{\""appearThisTurn\"":true,\""energies\"":[],\""energyCards\"":[],\""hp\"":280,\""id\"":1031,\""maxHp\"":330,\""playerIndex\"":1,\""preEvolution\"":[{\""id\"":1030,\""playerIndex\"":1}],\""tools\"":[]}]]]""]}",2.3608884335831792,True,5.422000000020489,5.411073499999475,115.0,False,0.25,5.14100000000326,0.875,0.875,4.26600000000326,widening,,0
6,25,3,1,mega_starmie,"{""kind"":""play"",""parts"":[""[1,{\""type\"":7},[[2,{\""id\"":1227,\""playerIndex\"":1}]]]""]}",1.2984237871185327,True,0.6410000000032596,0.6168638000381179,115.0,False,0.046999999962281436,0.5470000000204891,0.28200000000651926,0.28200000000651926,0.26500000001396984,widening,,1
6,26,3,1,mega_starmie,"{""kind"":""play"",""parts"":[""[1,{\""type\"":7},[[2,{\""id\"":1120,\""playerIndex\"":1}]]]""]}",1.354228747338962,True,1.5619999999762513,1.5457825000048615,115.0,False,0.17199999996228144,1.3439999999827705,1.2660000000032596,1.2660000000032596,0.0779999999795109,widening,,1
6,27,,1,mega_starmie,"{""kind"":""forced_selection"",""parts"":[30]}",0.0,True,0.01600000000325963,0.0016731999930925667,115.0,False,,0.0016731999930925667,,,,,,
6,28,3,1,mega_starmie,"{""kind"":""attack"",""parts"":[""[1,{\""attackId\"":1487,\""type\"":13},[]]""]}",1.1531793426740886,True,0.15600000001722947,0.15368889999808744,115.0,False,0.015000000013969839,0.10899999999674037,0.061999999976251274,0.061999999976251274,0.0470000000204891,first,1,1
6,29,3,1,mega_starmie,"{""kind"":""card"",""parts"":[""[0,{\""playerIndex\"":0,\""type\"":3},[[5,{\""appearThisTurn\"":false,\""energies\"":[],\""energyCards\"":[],\""hp\"":70,\""id\"":1030,\""maxHp\"":70,\""playerIndex\"":0,\""preEvolution\"":[],\""tools\"":[]}]]]""]}",2.3464300661249764,True,0.7029999999795109,0.6748702999902889,115.0,False,0.014999999955762178,0.6570000000065193,0.6570000000065193,0.6570000000065193,0.0,widening,,0
6,30,3,1,mega_starmie,"{""kind"":""card"",""parts"":[""[{\""area\"":6,\""index\"":0,\""playerIndex\"":1,\""type\"":3},[]]""]}",3.72789898989899,True,0.6720000000204891,0.6232542000361718,115.0,False,0.01600000000325963,0.5939999999827705,0.21899999998277053,0.21899999998277053,0.375,widening,,0
6,31,3,0,mega_starmie,"{""kind"":""card"",""parts"":[""[0,{\""playerIndex\"":0,\""type\"":3},[[5,{\""appearThisTurn\"":false,\""energies\"":[],\""energyCards\"":[],\""hp\"":70,\""id\"":1030,\""maxHp\"":70,\""playerIndex\"":0,\""preEvolution\"":[],\""tools\"":[]}]]]""]}",-1.5547742498064563,True,0.0779999999795109,0.07969439995940775,115.0,False,0.01600000000325963,0.061999999976251274,0.061999999976251274,0.061999999976251274,0.0,widening,,0
6,32,4,0,mega_starmie,"{""kind"":""evolve"",""parts"":[""[0,{\""type\"":9},[[2,{\""id\"":1031,\""playerIndex\"":0}],[4,{\""appearThisTurn\"":false,\""energies\"":[],\""energyCards\"":[],\""hp\"":70,\""id\"":1030,\""maxHp\"":70,\""playerIndex\"":0,\""preEvolution\"":[],\""tools\"":[]}]]]""]}",3.2357740551959773,True,0.26600000000325963,0.26709979999577627,115.0,False,0.15700000000651926,0.10899999999674037,0.0779999999795109,0.0779999999795109,0.031000000017229468,first,1,2
6,33,4,0,mega_starmie,"{""kind"":""attach"",""parts"":[""[0,{\""type\"":8},[[2,{\""id\"":3,\""playerIndex\"":0}],[4,{\""appearThisTurn\"":true,\""energies\"":[],\""energyCards\"":[],\""hp\"":330,\""id\"":1031,\""maxHp\"":330,\""playerIndex\"":0,\""preEvolution\"":[{\""id\"":1030,\""playerIndex\"":0}],\""tools\"":[]}]]]""]}",3.321208082543874,True,0.061999999976251274,0.059301699977368116,115.0,False,0.015000000013969839,0.030999999959021807,0.030999999959021807,0.030999999959021807,0.0,first,1,1
6,34,4,0,mega_starmie,"{""kind"":""attack"",""parts"":[""[0,{\""attackId\"":1487,\""type\"":13},[]]""]}",1.9277189050546966,True,0.0470000000204891,0.036950499983504415,115.0,False,0.01600000000325963,0.031000000017229468,0.031000000017229468,0.031000000017229468,0.0,first,1,1
6,35,4,0,mega_starmie,"{""kind"":""card"",""parts"":[""[1,{\""playerIndex\"":1,\""type\"":3},[[5,{\""appearThisTurn\"":false,\""energies\"":[],\""energyCards\"":[],\""hp\"":330,\""id\"":1031,\""maxHp\"":330,\""playerIndex\"":1,\""preEvolution\"":[{\""id\"":1030,\""playerIndex\"":1}],\""tools\"":[]}]]]""]}",0.4377906348189818,False,0.03200000000651926,0.033508600026834756,115.0,False,0.0,0.03200000000651926,0.03200000000651926,0.03200000000651926,0.0,widening,,0
6,36,5,1,mega_starmie,"{""kind"":""play"",""parts"":[""[1,{\""type\"":7},[[2,{\""id\"":1120,\""playerIndex\"":1}]]]""]}",8.642931493373492,True,15.25,14.89241689996561,115.0,False,0.2809999999590218,14.563000000023749,13.313000000023749,13.313000000023749,1.25,widening,,2
6,37,,1,mega_starmie,"{""kind"":""forced_selection"",""parts"":[30]}",0.0,True,0.015000000013969839,0.0020231999806128442,115.0,False,,0.0020231999806128442,,,,,,
6,38,5,1,mega_starmie,"{""kind"":""play"",""parts"":[""[1,{\""type\"":7},[[2,{\""id\"":1122,\""playerIndex\"":1}]]]""]}",6.893535357791915,True,5.14100000000326,5.0359911999548785,115.0,False,0.29699999996228144,4.687000000034459,3.89000000001397,3.89000000001397,0.7970000000204891,first,1,2
6,39,5,1,mega_starmie,"{""kind"":""card"",""parts"":[""[1,{\""playerIndex\"":1,\""type\"":3},[[12,{\""id\"":1189,\""playerIndex\"":1}]]]""]}",7.270746739905736,True,7.327999999979511,7.165128200023901,115.0,False,0.28200000000651926,6.875,3.625,3.625,3.25,widening,,0
6,40,5,1,mega_starmie,"{""kind"":""attach"",""parts"":[""[1,{\""type\"":8},[[2,{\""id\"":17,\""playerIndex\"":1}],[4,{\""appearThisTurn\"":false,\""energies\"":[3],\""energyCards\"":[{\""id\"":3,\""playerIndex\"":1}],\""hp\"":160,\""id\"":1031,\""maxHp\"":330,\""playerIndex\"":1,\""preEvolution\"":[{\""id\"":1030,\""playerIndex\"":1}],\""tools\"":[]}]]]""]}",7.065868691125249,True,3.3910000000032596,3.32020780001767,115.0,False,0.26600000000325963,3.030999999959022,1.3439999999827705,1.3439999999827705,1.6869999999762513,widening,,1
6,41,5,1,mega_starmie,"{""kind"":""play"",""parts"":[""[1,{\""type\"":7},[[2,{\""id\"":1227,\""playerIndex\"":1}]]]""]}",6.396624736426748,True,1.0150000000139698,0.9904066000017338,115.0,False,0.25,0.7189999999827705,0.18699999997625127,0.18699999997625127,0.5320000000065193,widening,,1
6,42,5,1,mega_starmie,"{""kind"":""attack"",""parts"":[""[1,{\""attackId\"":1488,\""type\"":13},[]]""]}",6.430234492524309,True,1.437999999965541,1.3839959999895655,115.0,False,0.26600000000325963,1.1089999999967404,0.09399999998277053,0.09399999998277053,1.0150000000139698,first,,1
6,43,6,0,mega_starmie,"{""kind"":""play"",""parts"":[""[0,{\""type\"":7},[[2,{\""id\"":1223,\""playerIndex\"":0}]]]""]}",0.30826016260162614,True,0.25,0.2594471999909729,115.0,False,0.0,0.23499999998603016,0.125,0.125,0.10999999998603016,widening,,0
6,44,6,0,mega_starmie,"{""kind"":""evolve"",""parts"":[""[0,{\""type\"":9},[[2,{\""id\"":1031,\""playerIndex\"":0}],[5,{\""appearThisTurn\"":false,\""energies\"":[],\""energyCards\"":[],\""hp\"":20,\""id\"":1030,\""maxHp\"":70,\""playerIndex\"":0,\""preEvolution\"":[],\""tools\"":[]}]]]""]}",3.4617109721007324,True,0.07800000003771856,0.07446129998425022,115.0,False,0.01600000000325963,0.0470000000204891,0.0470000000204891,0.0470000000204891,0.0,widening,,0
6,45,6,0,mega_starmie,"{""kind"":""attach"",""parts"":[""[0,{\""type\"":8},[[2,{\""id\"":1159,\""playerIndex\"":0}],[4,{\""appearThisTurn\"":false,\""energies\"":[],\""energyCards\"":[],\""hp\"":120,\""id\"":1031,\""maxHp\"":330,\""playerIndex\"":0,\""preEvolution\"":[{\""id\"":1030,\""playerIndex\"":0}],\""tools\"":[]}]]]""]}",3.4017109721007324,True,0.01600000000325963,0.026579299999866635,115.0,False,0.0,0.01600000000325963,0.01600000000325963,0.01600000000325963,0.0,widening,,0
6,46,,0,mega_starmie,"{""kind"":""forced_selection"",""parts"":[0]}",0.0,True,0.0,0.002738600014708936,115.0,False,,0.002738600014708936,,,,,,
6,47,7,1,mega_starmie,"{""kind"":""attach"",""parts"":[""[1,{\""type\"":8},[[2,{\""id\"":3,\""playerIndex\"":1}],[5,{\""appearThisTurn\"":false,\""energies\"":[],\""energyCards\"":[],\""hp\"":280,\""id\"":1031,\""maxHp\"":330,\""playerIndex\"":1,\""preEvolution\"":[{\""id\"":1030,\""playerIndex\"":1}],\""tools\"":[]}]]]""]}",2.5886795146117136,True,3.39000000001397,3.370644100010395,115.0,False,0.26600000000325963,3.077999999979511,2.76500000001397,2.76500000001397,0.31299999996554106,widening,,1
6,48,7,1,mega_starmie,"{""kind"":""attack"",""parts"":[""[1,{\""attackId\"":1487,\""type\"":13},[]]""]}",2.4233902584133666,True,0.28200000000651926,0.26928720000432804,115.0,False,0.031000000017229468,0.23499999998603016,0.030999999959021807,0.030999999959021807,0.20400000002700835,first,1,1
6,49,,1,mega_starmie,"{""kind"":""forced_selection"",""parts"":[15]}",0.0,True,0.015000000013969839,0.0018289000145159662,115.0,False,,0.0018289000145159662,,,,,,
6,50,8,0,mega_starmie,"{""kind"":""play"",""parts"":[""[0,{\""type\"":7},[[2,{\""id\"":1225,\""playerIndex\"":0}]]]""]}",4.147206037311786,True,3.7969999999622814,3.6821779999881983,115.0,False,0.29699999996228144,3.3589999999967404,3.297000000020489,3.297000000020489,0.061999999976251274,widening,,0
6,51,8,0,mega_starmie,"{""kind"":""card"",""parts"":[""[{\""playerIndex\"":0,\""type\"":3},[[1,{\""id\"":1031,\""playerIndex\"":0}]]]""]}",4.230541208789927,True,2.797000000020489,2.65882439998677,115.0,False,0.28100000001722947,2.3589999999967404,0.9220000000204891,0.9220000000204891,1.4369999999762513,widening,,0
6,52,8,0,mega_starmie,"{""kind"":""card"",""parts"":[""[{\""playerIndex\"":0,\""type\"":3},[[1,{\""id\"":17,\""playerIndex\"":0}]]]""]}",4.230541208789927,True,2.2189999999827705,2.1319446000270545,115.0,False,0.35899999999674037,1.75,1.75,1.75,0.0,widening,,0
6,53,8,0,mega_starmie,"{""kind"":""attach"",""parts"":[""[0,{\""type\"":8},[[2,{\""id\"":17,\""playerIndex\"":0}],[4,{\""appearThisTurn\"":false,\""energies\"":[],\""energyCards\"":[],\""hp\"":100,\""id\"":1031,\""maxHp\"":430,\""playerIndex\"":0,\""preEvolution\"":[{\""id\"":1030,\""playerIndex\"":0}],\""tools\"":[{\""id\"":1159,\""playerIndex\"":0}]}]]]""]}",4.040539370645119,True,1.3589999999967404,1.3048468999913894,115.0,False,0.28100000001722947,1.0160000000032596,1.0,1.0,0.01600000000325963,widening,,0
6,54,8,0,mega_starmie,"{""kind"":""retreat"",""parts"":[""[0,{\""type\"":12},[]]""]}",1.0440083628931802,True,1.3910000000032596,1.3114955000346527,115.0,False,0.28100000001722947,1.0160000000032596,0.5619999999762513,0.5619999999762513,0.45400000002700835,first,,0
6,55,,0,mega_starmie,"{""kind"":""forced_selection"",""parts"":[30]}",0.0,True,0.015000000013969839,0.0014563000295311213,115.0,False,,0.0014563000295311213,,,,,,
6,56,,0,mega_starmie,"{""kind"":""forced_selection"",""parts"":[3]}",0.0,True,0.0,0.0013551999581977725,115.0,False,,0.0013551999581977725,,,,,,
6,57,8,0,mega_starmie,"{""kind"":""end"",""parts"":[""[0,{\""type\"":14},[]]""]}",0.0,True,0.0470000000204891,0.03513590001966804,115.0,False,0.01600000000325963,0.01600000000325963,0.0,0.0,0.01600000000325963,first,,0
6,58,9,1,mega_starmie,"{""kind"":""attach"",""parts"":[""[1,{\""type\"":8},[[2,{\""id\"":17,\""playerIndex\"":1}],[4,{\""appearThisTurn\"":false,\""energies\"":[3],\""energyCards\"":[{\""id\"":3,\""playerIndex\"":1}],\""hp\"":160,\""id\"":1031,\""maxHp\"":330,\""playerIndex\"":1,\""preEvolution\"":[{\""id\"":1030,\""playerIndex\"":1}],\""tools\"":[]}]]]""]}",9.366351676929538,True,4.76600000000326,4.69338950002566,115.0,False,0.35999999998603016,4.327999999979511,2.2810000000172295,2.2810000000172295,2.0469999999622814,widening,,1
6,59,9,1,mega_starmie,"{""kind"":""retreat"",""parts"":[""[1,{\""type\"":12},[]]""]}",8.234590587777145,True,1.9839999999967404,1.950677499989979,115.0,False,0.2970000000204891,1.6410000000032596,1.202999999979511,1.202999999979511,0.4380000000237487,first,,1
6,60,9,1,mega_starmie,"{""kind"":""energy"",""parts"":[""[1,{\""count\"":3,\""energyIndex\"":1,\""playerIndex\"":1,\""type\"":6},[[4,{\""appearThisTurn\"":false,\""energies\"":[3,0,0,0],\""energyCards\"":[{\""id\"":3,\""playerIndex\"":1},{\""id\"":17,\""playerIndex\"":1}],\""hp\"":160,\""id\"":1031,\""maxHp\"":330,\""playerIndex\"":1,\""preEvolution\"":[{\""id\"":1030,\""playerIndex\"":1}],\""tools\"":[]}]]]""]}",8.20038247381201,True,1.5469999999622814,1.5176967000006698,115.0,False,0.2649999999557622,1.25,1.25,1.25,0.0,widening,,0
6,61,9,1,mega_starmie,"{""kind"":""decline"",""parts"":[]}",9.522143562964404,True,1.3130000000237487,1.298785399994813,115.0,False,0.28100000001722947,1.0160000000032596,0.39100000000325963,0.39100000000325963,0.625,widening,,0
6,62,9,1,mega_starmie,"{""kind"":""card"",""parts"":[""[1,{\""playerIndex\"":1,\""type\"":3},[[5,{\""appearThisTurn\"":false,\""energies\"":[3],\""energyCards\"":[{\""id\"":3,\""playerIndex\"":1}],\""hp\"":280,\""id\"":1031,\""maxHp\"":330,\""playerIndex\"":1,\""preEvolution\"":[{\""id\"":1030,\""playerIndex\"":1}],\""tools\"":[]}]]]""]}",9.522143562964404,True,0.5,0.4960842000436969,115.0,False,0.09399999998277053,0.375,0.25,0.25,0.125,widening,,0
6,63,9,1,mega_starmie,"{""kind"":""play"",""parts"":[""[1,{\""type\"":7},[[2,{\""id\"":1227,\""playerIndex\"":1}]]]""]}",8.566351676929537,True,0.29699999996228144,0.3047656000126153,115.0,False,0.09399999998277053,0.2029999999795109,0.14100000000325963,0.14100000000325963,0.061999999976251274,widening,,1
6,64,9,1,mega_starmie,"{""kind"":""play"",""parts"":[""[1,{\""type\"":7},[[2,{\""id\"":1122,\""playerIndex\"":1}]]]""]}",8.553939414773089,True,0.3130000000237487,0.2926486000069417,115.0,False,0.0,0.25,0.25,0.25,0.0,widening,,1
6,65,9,1,mega_starmie,"{""kind"":""card"",""parts"":[""[1,{\""playerIndex\"":1,\""type\"":3},[[12,{\""id\"":1229,\""playerIndex\"":1}]]]""]}",8.70060774800213,True,0.26500000001396984,0.26748469995800406,115.0,False,0.045999999972991645,0.2190000000409782,0.14100000000325963,0.14100000000325963,0.07800000003771856,widening,,0
6,66,9,1,mega_starmie,"{""kind"":""attach"",""parts"":[""[1,{\""type\"":8},[[2,{\""id\"":1159,\""playerIndex\"":1}],[5,{\""appearThisTurn\"":false,\""energies\"":[3],\""energyCards\"":[{\""id\"":3,\""playerIndex\"":1}],\""hp\"":160,\""id\"":1031,\""maxHp\"":330,\""playerIndex\"":1,\""preEvolution\"":[{\""id\"":1030,\""playerIndex\"":1}],\""tools\"":[]}]]]""]}",8.57393941477309,True,0.0779999999795109,0.068326500011608,115.0,False,0.0,0.061999999976251274,0.061999999976251274,0.061999999976251274,0.0,widening,,1
6,67,9,1,mega_starmie,"{""kind"":""attack"",""parts"":[""[1,{\""attackId\"":1487,\""type\"":13},[]]""]}",8.48747773018198,True,0.03200000000651926,0.027591500023845583,115.0,False,0.01600000000325963,0.01600000000325963,0.01600000000325963,0.01600000000325963,0.0,first,1,1
6,68,,1,mega_starmie,"{""kind"":""forced_selection"",""parts"":[15]}",0.0,True,0.0,0.0012571999686770141,115.0,False,,0.0012571999686770141,,,,,,
6,69,10,0,mega_starmie,"{""kind"":""play"",""parts"":[""[0,{\""type\"":7},[[2,{\""id\"":1229,\""playerIndex\"":0}]]]""]}",3.9877853511694883,True,0.10899999999674037,0.09832099999766797,115.0,False,0.046999999962281436,0.031000000017229468,0.031000000017229468,0.031000000017229468,0.0,first,1,1
6,70,10,0,mega_starmie,"{""kind"":""card"",""parts"":[""[0,{\""playerIndex\"":0,\""type\"":3},[[4,{\""appearThisTurn\"":false,\""energies\"":[],\""energyCards\"":[],\""hp\"":110,\""id\"":1031,\""maxHp\"":330,\""playerIndex\"":0,\""preEvolution\"":[{\""id\"":1030,\""playerIndex\"":0}],\""tools\"":[]}]]]""]}",4.154453351169488,True,0.0470000000204891,0.054655399988405406,115.0,False,0.031000000017229468,0.01600000000325963,0.01600000000325963,0.01600000000325963,0.0,widening,,0
6,71,10,0,mega_starmie,"{""kind"":""end"",""parts"":[""[0,{\""type\"":14},[]]""]}",0.0,True,0.030999999959021807,0.025402800005394965,115.0,False,0.0,0.0,0.0,0.0,0.0,first,,0
6,72,11,1,mega_starmie,"{""kind"":""attach"",""parts"":[""[1,{\""type\"":8},[[2,{\""id\"":3,\""playerIndex\"":1}],[4,{\""appearThisTurn\"":false,\""energies\"":[3],\""energyCards\"":[{\""id\"":3,\""playerIndex\"":1}],\""hp\"":280,\""id\"":1031,\""maxHp\"":330,\""playerIndex\"":1,\""preEvolution\"":[{\""id\"":1030,\""playerIndex\"":1}],\""tools\"":[]}]]]""]}",2.999871146855023,True,1.672000000020489,1.6248829000396654,115.0,False,0.26500000001396984,1.3439999999827705,0.7349999999860302,0.7349999999860302,0.6089999999967404,widening,,1
6,73,11,1,mega_starmie,"{""kind"":""attack"",""parts"":[""[1,{\""attackId\"":1487,\""type\"":13},[]]""]}",2.686923488452819,True,0.7810000000172295,0.7650571000413038,115.0,False,0.28100000001722947,0.46899999998277053,0.17199999996228144,0.17199999996228144,0.2970000000204891,first,1,1
6,74,,1,mega_starmie,"{""kind"":""forced_selection"",""parts"":[15]}",0.0,True,0.0,0.001264300022739917,115.0,False,,0.001264300022739917,,,,,,
6,75,11,1,mega_starmie,"{""kind"":""card"",""parts"":[""[{\""area\"":6,\""index\"":0,\""playerIndex\"":1,\""type\"":3},[]]"",""[{\""area\"":6,\""index\"":1,\""playerIndex\"":1,\""type\"":3},[]]"",""[{\""area\"":6,\""index\"":2,\""playerIndex\"":1,\""type\"":3},[]]""]}",2.76,True,0.3279999999795109,0.3195109000080265,115.0,False,0.014999999955762178,0.28100000001722947,0.06300000002374873,0.06300000002374873,0.21799999999348074,widening,,0
6,76,12,0,mega_starmie,"{""kind"":""play"",""parts"":[""[0,{\""type\"":7},[[2,{\""id\"":1227,\""playerIndex\"":0}]]]""]}",0.36938095238095225,True,0.14100000000325963,0.12945920001948252,115.0,False,0.01600000000325963,0.10899999999674037,0.061999999976251274,0.061999999976251274,0.0470000000204891,widening,,0
6,77,12,0,mega_starmie,"{""kind"":""play"",""parts"":[""[0,{\""type\"":7},[[2,{\""id\"":1145,\""playerIndex\"":0}]]]""]}",2.629358291281773,True,3.827999999979511,3.7074066000059247,115.0,False,0.2970000000204891,3.405999999959022,3.125,3.125,0.2809999999590218,first,1,2
6,78,12,0,mega_starmie,"{""kind"":""card"",""parts"":[""[{\""playerIndex\"":0,\""type\"":3},[[1,{\""id\"":1031,\""playerIndex\"":0}]]]""]}",3.2201923518878335,True,3.6410000000032596,3.5066877999925055,115.0,False,0.26600000000325963,3.2189999999827705,1.4070000000065193,1.4070000000065193,1.8119999999762513,widening,,0
6,79,12,0,mega_starmie,"{""kind"":""play"",""parts"":[""[0,{\""type\"":7},[[2,{\""id\"":1122,\""playerIndex\"":0}]]]""]}",3.22002495794844,True,2.187000000034459,2.0820902999839745,115.0,False,0.25,1.827999999979511,1.452999999979511,1.452999999979511,0.375,first,1,1
6,80,12,0,mega_starmie,"{""kind"":""card"",""parts"":[""[0,{\""playerIndex\"":0,\""type\"":3},[[12,{\""id\"":1229,\""playerIndex\"":0}]]]""]}",3.4293590185545004,True,2.1410000000032596,2.040990600013174,115.0,False,0.3279999999795109,1.7189999999827705,0.7660000000032596,0.7660000000032596,0.9529999999795109,widening,,0
6,81,12,0,mega_starmie,"{""kind"":""attach"",""parts"":[""[0,{\""type\"":8},[[2,{\""id\"":3,\""playerIndex\"":0}],[4,{\""appearThisTurn\"":false,\""energies\"":[],\""energyCards\"":[],\""hp\"":210,\""id\"":1031,\""maxHp\"":330,\""playerIndex\"":0,\""preEvolution\"":[{\""id\"":1030,\""playerIndex\"":0}],\""tools\"":[]}]]]""]}",3.2526916246151067,True,0.7649999999557622,0.7360651000053622,115.0,False,0.28200000000651926,0.43700000003445894,0.40600000001722947,0.40600000001722947,0.031000000017229468,widening,,0
6,82,12,0,mega_starmie,"{""kind"":""attack"",""parts"":[""[0,{\""attackId\"":1487,\""type\"":13},[]]""]}",1.9043572922807745,True,0.4850000000442378,0.4682116999756545,115.0,False,0.1720000000204891,0.2970000000204891,0.06300000002374873,0.06300000002374873,0.23399999999674037,first,1,1
6,83,12,0,mega_starmie,"{""kind"":""card"",""parts"":[""[1,{\""playerIndex\"":1,\""type\"":3},[[5,{\""appearThisTurn\"":false,\""energies\"":[3],\""energyCards\"":[{\""id\"":3,\""playerIndex\"":1}],\""hp\"":260,\""id\"":1031,\""maxHp\"":430,\""playerIndex\"":1,\""preEvolution\"":[{\""id\"":1030,\""playerIndex\"":1}],\""tools\"":[{\""id\"":1159,\""playerIndex\"":1}]}]]]""]}",0.39450636267486816,False,0.046999999962281436,0.05109309998806566,115.0,False,0.014999999955762178,0.03200000000651926,0.01600000000325963,0.01600000000325963,0.01600000000325963,widening,,0
6,84,,1,mega_starmie,"{""kind"":""play"",""parts"":[""[1,{\""type\"":7},[[2,{\""id\"":1086,\""playerIndex\"":1}]]]""]}",0.0,True,0.1720000000204891,0.16615509998518974,115.0,False,0.14100000000325963,0.16615509998518974,,,,,,
6,85,,1,mega_starmie,"{""kind"":""card"",""parts"":[""[{\""playerIndex\"":1,\""type\"":3},[[1,{\""id\"":1030,\""playerIndex\"":1}]]]""]}",0.0,True,0.14000000001396984,0.13926259998697788,115.0,False,0.125,0.13926259998697788,,,,,,
6,86,,1,mega_starmie,"{""kind"":""play"",""parts"":[""[1,{\""type\"":7},[[2,{\""id\"":1229,\""playerIndex\"":1}]]]""]}",0.0,True,0.09399999998277053,0.08484419999876991,115.0,False,0.061999999976251274,0.08484419999876991,,,,,,
6,87,,1,mega_starmie,"{""kind"":""card"",""parts"":[""[1,{\""playerIndex\"":1,\""type\"":3},[[5,{\""appearThisTurn\"":false,\""energies\"":[3],\""energyCards\"":[{\""id\"":3,\""playerIndex\"":1}],\""hp\"":210,\""id\"":1031,\""maxHp\"":430,\""playerIndex\"":1,\""preEvolution\"":[{\""id\"":1030,\""playerIndex\"":1}],\""tools\"":[{\""id\"":1159,\""playerIndex\"":1}]}]]]""]}",0.0,True,0.061999999976251274,0.06650330004049465,115.0,False,0.061999999976251274,0.06650330004049465,,,,,,
6,88,,1,mega_starmie,"{""kind"":""attach"",""parts"":[""[1,{\""type\"":8},[[2,{\""id\"":3,\""playerIndex\"":1}],[4,{\""appearThisTurn\"":false,\""energies\"":[3,3],\""energyCards\"":[{\""id\"":3,\""playerIndex\"":1},{\""id\"":3,\""playerIndex\"":1}],\""hp\"":160,\""id\"":1031,\""maxHp\"":330,\""playerIndex\"":1,\""preEvolution\"":[{\""id\"":1030,\""playerIndex\"":1}],\""tools\"":[]}]]]""]}",0.0,True,0.03200000000651926,0.02639640000415966,115.0,False,0.01600000000325963,0.02639640000415966,,,,,,
6,89,,1,mega_starmie,"{""kind"":""attack"",""parts"":[""[1,{\""attackId\"":1488,\""type\"":13},[]]""]}",0.0,True,0.015000000013969839,0.01142449997132644,115.0,False,0.015000000013969839,0.01142449997132644,,,,,,
6,90,,1,mega_starmie,"{""kind"":""card"",""parts"":[""[{\""area\"":6,\""index\"":0,\""playerIndex\"":1,\""type\"":3},[]]"",""[{\""area\"":6,\""index\"":1,\""playerIndex\"":1,\""type\"":3},[]]""]}",0.0,True,0.0,0.010984100052155554,115.0,False,0.0,0.010984100052155554,,,,,,
7,0,,0,mega_starmie,"{""kind"":""choose_start"",""parts"":[41]}",0.0,True,3.1410000000032596,0.0001419999753125012,,False,,0.0001419999753125012,,,,,,
7,1,,0,mega_starmie,"{""kind"":""mulligan"",""parts"":[42]}",0.0,True,0.0,0.0002397999633103609,,False,,0.0002397999633103609,,,,,,
7,2,,0,mega_starmie,"{""kind"":""setup_active"",""parts"":[1]}",0.0,True,0.0,0.0002006999566219747,,False,,0.0002006999566219747,,,,,,
7,3,,1,mega_starmie,"{""kind"":""mulligan"",""parts"":[42]}",0.0,True,0.0,0.0002492000348865986,,False,,0.0002492000348865986,,,,,,
7,4,,1,mega_starmie,"{""kind"":""setup_active"",""parts"":[1]}",0.0,True,0.0,0.00015089998487383127,,False,,0.00015089998487383127,,,,,,
7,5,,0,mega_starmie,"{""kind"":""free_draw_count"",""parts"":[38]}",0.0,True,0.0,0.00015809998149052262,,False,,0.00015809998149052262,,,,,,
7,6,1,1,mega_starmie,"{""kind"":""end"",""parts"":[""[1,{\""type\"":14},[]]""]}",0.0,True,0.25,0.2488706999574788,115.0,False,0.0,0.21899999998277053,0.14100000000325963,0.14100000000325963,0.0779999999795109,first,,1
7,7,,0,mega_starmie,"{""kind"":""play"",""parts"":[""[0,{\""type\"":7},[[2,{\""id\"":1086,\""playerIndex\"":0}]]]""]}",0.0,True,0.5310000000172295,0.5326432000147179,115.0,False,0.5160000000032596,0.5326432000147179,,,,,,
7,8,,0,mega_starmie,"{""kind"":""card"",""parts"":[""[{\""playerIndex\"":0,\""type\"":3},[[1,{\""id\"":1030,\""playerIndex\"":0}]]]"",""[{\""playerIndex\"":0,\""type\"":3},[[1,{\""id\"":1030,\""playerIndex\"":0}]]]""]}",0.0,True,0.2970000000204891,0.3075773000018671,115.0,False,0.2970000000204891,0.3075773000018671,,,,,,
7,9,,0,mega_starmie,"{""kind"":""play"",""parts"":[""[0,{\""type\"":7},[[2,{\""id\"":1086,\""playerIndex\"":0}]]]""]}",0.0,True,0.3130000000237487,0.3098823999753222,115.0,False,0.2970000000204891,0.3098823999753222,,,,,,
7,10,,0,mega_starmie,"{""kind"":""play"",""parts"":[""[0,{\""type\"":7},[[2,{\""id\"":1189,\""playerIndex\"":0}]]]""]}",0.0,True,0.2809999999590218,0.27506180002819747,115.0,False,0.26600000000325963,0.27506180002819747,,,,,,
7,11,,0,mega_starmie,"{""kind"":""card"",""parts"":[""[{\""playerIndex\"":0,\""type\"":3},[[1,{\""id\"":1031,\""playerIndex\"":0}]]]""]}",0.0,True,0.3130000000237487,0.3049690999905579,115.0,False,0.2970000000204891,0.3049690999905579,,,,,,
7,12,2,0,mega_starmie,"{""kind"":""card"",""parts"":[""[0,{\""playerIndex\"":0,\""type\"":3},[[5,{\""appearThisTurn\"":true,\""energies\"":[],\""energyCards\"":[],\""hp\"":70,\""id\"":1030,\""maxHp\"":70,\""playerIndex\"":0,\""preEvolution\"":[],\""tools\"":[]}]]]""]}",-0.8188980009708172,True,1.75,1.7112277999985963,115.0,False,0.21899999998277053,1.3910000000032596,1.3910000000032596,1.3910000000032596,0.0,widening,,0
7,13,,0,mega_starmie,"{""kind"":""attach"",""parts"":[""[0,{\""type\"":8},[[2,{\""id\"":3,\""playerIndex\"":0}],[5,{\""appearThisTurn\"":true,\""energies\"":[],\""energyCards\"":[],\""hp\"":330,\""id\"":1031,\""maxHp\"":330,\""playerIndex\"":0,\""preEvolution\"":[{\""id\"":1030,\""playerIndex\"":0}],\""tools\"":[]}]]]""]}",0.0,True,0.10899999999674037,0.10638200002722442,115.0,False,0.10899999999674037,0.10638200002722442,,,,,,
7,14,,0,mega_starmie,"{""kind"":""retreat"",""parts"":[""[0,{\""type\"":12},[]]""]}",0.0,True,0.031000000017229468,0.030131999985314906,115.0,False,0.031000000017229468,0.030131999985314906,,,,,,
7,15,,0,mega_starmie,"{""kind"":""card"",""parts"":[""[0,{\""playerIndex\"":0,\""type\"":3},[[5,{\""appearThisTurn\"":true,\""energies\"":[3],\""energyCards\"":[{\""id\"":3,\""playerIndex\"":0}],\""hp\"":330,\""id\"":1031,\""maxHp\"":330,\""playerIndex\"":0,\""preEvolution\"":[{\""id\"":1030,\""playerIndex\"":0}],\""tools\"":[]}]]]""]}",0.0,True,0.030999999959021807,0.040423500002361834,115.0,False,0.014999999955762178,0.040423500002361834,,,,,,
7,16,,0,mega_starmie,"{""kind"":""attack"",""parts"":[""[0,{\""attackId\"":1487,\""type\"":13},[]]""]}",0.0,True,0.01600000000325963,0.01642360002733767,115.0,False,0.0,0.01642360002733767,,,,,,
7,17,,0,mega_starmie,"{""kind"":""card"",""parts"":[""[{\""area\"":6,\""index\"":0,\""playerIndex\"":0,\""type\"":3},[]]""]}",0.0,True,0.015000000013969839,0.011687299993354827,115.0,False,0.0,0.011687299993354827,,,,,,
8,0,,0,mega_starmie,"{""kind"":""choose_start"",""parts"":[41]}",0.0,True,2.6560000000172295,0.0006932999822311103,,False,,0.0006932999822311103,,,,,,
8,1,,1,mega_starmie,"{""kind"":""mulligan"",""parts"":[42]}",0.0,True,0.35999999998603016,0.000979800010100007,,False,,0.000979800010100007,,,,,,
8,2,,1,mega_starmie,"{""kind"":""setup_active"",""parts"":[1]}",0.0,True,0.0,0.00021670002024620771,,False,,0.00021670002024620771,,,,,,
8,3,,0,mega_starmie,"{""kind"":""setup_active"",""parts"":[1]}",0.0,True,0.0,0.0002788000274449587,,False,,0.0002788000274449587,,,,,,
8,4,,1,mega_starmie,"{""kind"":""free_draw_count"",""parts"":[38]}",0.0,True,0.0,0.00018919998547062278,,False,,0.00018919998547062278,,,,,,
8,5,1,1,mega_starmie,"{""kind"":""play"",""parts"":[""[1,{\""type\"":7},[[2,{\""id\"":1086,\""playerIndex\"":1}]]]""]}",1.347904761904762,True,25.03100000001723,24.56623589998344,115.0,False,0.5629999999655411,23.98499999998603,21.60999999998603,21.60999999998603,2.375,first,1,3
8,6,1,1,mega_starmie,"{""kind"":""card"",""parts"":[""[{\""playerIndex\"":1,\""type\"":3},[[1,{\""id\"":1030,\""playerIndex\"":1}]]]""]}",1.357904761904762,True,22.875,22.424430799961556,115.0,False,0.4690000000409782,21.92199999996228,20.75,20.75,1.1719999999622814,widening,,0
8,7,1,1,mega_starmie,"{""kind"":""play"",""parts"":[""[1,{\""type\"":7},[[2,{\""id\"":1086,\""playerIndex\"":1}]]]""]}",1.097904761904762,True,13.625,13.218965300009586,115.0,False,0.32900000002700835,12.89000000001397,8.23399999999674,8.23399999999674,4.6560000000172295,first,1,3
8,8,1,1,mega_starmie,"{""kind"":""card"",""parts"":[""[{\""playerIndex\"":1,\""type\"":3},[[1,{\""id\"":1030,\""playerIndex\"":1}]]]"",""[{\""playerIndex\"":1,\""type\"":3},[[1,{\""id\"":1030,\""playerIndex\"":1}]]]""]}",1.131238095238095,True,7.297000000020489,7.043035899987444,115.0,False,0.3130000000237487,6.702999999979511,2.3589999999967404,2.3589999999967404,4.3439999999827705,widening,,0
8,9,1,1,mega_starmie,"{""kind"":""attach"",""parts"":[""[1,{\""type\"":8},[[2,{\""id\"":3,\""playerIndex\"":1}],[4,{\""appearThisTurn\"":true,\""energies\"":[],\""energyCards\"":[],\""hp\"":160,\""id\"":666,\""maxHp\"":160,\""playerIndex\"":1,\""preEvolution\"":[],\""tools\"":[]}]]]""]}",0.8112380952380952,True,3.202999999979511,3.0998788999859244,115.0,False,0.34399999998277053,2.75,1.5,1.5,1.25,first,1,2
8,10,1,1,mega_starmie,"{""kind"":""play"",""parts"":[""[1,{\""type\"":7},[[2,{\""id\"":1121,\""playerIndex\"":1}]]]""]}",0.09999999999999999,True,0.6880000000237487,0.6712130000232719,115.0,False,0.28200000000651926,0.39000000001396984,0.39000000001396984,0.39000000001396984,0.0,widening,,0
8,11,1,1,mega_starmie,"{""kind"":""card"",""parts"":[""[1,{\""playerIndex\"":1,\""type\"":3},[[2,{\""id\"":1097,\""playerIndex\"":1}]]]"",""[1,{\""playerIndex\"":1,\""type\"":3},[[2,{\""id\"":1223,\""playerIndex\"":1}]]]""]}",0.18333333333333332,True,0.39100000000325963,0.3929548999876715,115.0,False,0.26600000000325963,0.09399999998277053,0.09399999998277053,0.09399999998277053,0.0,widening,,0
8,12,1,1,mega_starmie,"{""kind"":""card"",""parts"":[""[{\""playerIndex\"":1,\""type\"":3},[[1,{\""id\"":1031,\""playerIndex\"":1}]]]""]}",0.3333333333333333,True,0.14000000001396984,0.127636999997776,115.0,False,0.046999999962281436,0.062000000034458935,0.031000000017229468,0.031000000017229468,0.031000000017229468,widening,,0
8,13,1,1,mega_starmie,"{""kind"":""end"",""parts"":[""[1,{\""type\"":14},[]]""]}",0.0,True,0.030999999959021807,0.023670999973546714,115.0,False,0.01600000000325963,0.0,0.0,0.0,0.0,first,,0
8,14,2,0,mega_starmie,"{""kind"":""play"",""parts"":[""[0,{\""type\"":7},[[2,{\""id\"":1145,\""playerIndex\"":0}]]]""]}",3.6475242069050196,True,8.64100000000326,8.480866500001866,115.0,False,0.3440000000409782,8.10899999999674,8.061999999976251,8.061999999976251,0.0470000000204891,first,2,3
8,15,2,0,mega_starmie,"{""kind"":""decline"",""parts"":[]}",3.880858050442434,True,7.0310000000172295,6.801114399975631,115.0,False,0.2970000000204891,6.51500000001397,3.4369999999762513,3.4369999999762513,3.0780000000377186,widening,,0
8,16,2,0,mega_starmie,"{""kind"":""play"",""parts"":[""[0,{\""type\"":7},[[2,{\""id\"":1086,\""playerIndex\"":0}]]]""]}",3.730857540238353,True,3.6410000000032596,3.5431468000169843,115.0,False,0.4529999999795109,3.094000000040978,3.0630000000237487,3.0630000000237487,0.031000000017229468,first,1,4
8,17,2,0,mega_starmie,"{""kind"":""card"",""parts"":[""[{\""playerIndex\"":0,\""type\"":3},[[1,{\""id\"":1030,\""playerIndex\"":0}]]]"",""[{\""playerIndex\"":0,\""type\"":3},[[1,{\""id\"":1030,\""playerIndex\"":0}]]]""]}",3.9641913837757676,True,2.5619999999762513,2.4903797000297345,115.0,False,0.3119999999762513,2.1560000000172295,1.312000000034459,1.312000000034459,0.8439999999827705,widening,,0
8,18,2,0,mega_starmie,"{""kind"":""attach"",""parts"":[""[0,{\""type\"":8},[[2,{\""id\"":3,\""playerIndex\"":0}],[4,{\""appearThisTurn\"":false,\""energies\"":[],\""energyCards\"":[],\""hp\"":70,\""id\"":1030,\""maxHp\"":70,\""playerIndex\"":0,\""preEvolution\"":[],\""tools\"":[]}]]]""]}",3.4441908735716864,True,1.0310000000172295,1.0075676999986172,115.0,False,0.26600000000325963,0.7189999999827705,0.6880000000237487,0.6880000000237487,0.030999999959021807,first,2,3
8,19,2,0,mega_starmie,"{""kind"":""play"",""parts"":[""[0,{\""type\"":7},[[2,{\""id\"":1189,\""playerIndex\"":0}]]]""]}",3.2091432545240672,True,0.46899999998277053,0.44700629997532815,115.0,False,0.1720000000204891,0.2649999999557622,0.25,0.25,0.014999999955762178,first,1,1
8,20,2,0,mega_starmie,"{""kind"":""card"",""parts"":[""[{\""playerIndex\"":0,\""type\"":3},[[1,{\""id\"":1031,\""playerIndex\"":0}]]]""]}",3.392477098061482,True,0.3440000000409782,0.33655230002477765,115.0,False,0.14100000000325963,0.18700000003445894,0.18700000003445894,0.18700000003445894,0.0,widening,,0
8,21,2,0,mega_starmie,"{""kind"":""card"",""parts"":[""[0,{\""playerIndex\"":0,\""type\"":3},[[4,{\""appearThisTurn\"":false,\""energies\"":[3],\""energyCards\"":[{\""id\"":3,\""playerIndex\"":0}],\""hp\"":70,\""id\"":1030,\""maxHp\"":70,\""playerIndex\"":0,\""preEvolution\"":[],\""tools\"":[]}]]]""]}",1.4795495022420992,True,0.18699999997625127,0.1906777999829501,115.0,False,0.09399999998277053,0.09299999999348074,0.0779999999795109,0.0779999999795109,0.015000000013969839,widening,,0
8,22,2,0,mega_starmie,"{""kind"":""attack"",""parts"":[""[0,{\""attackId\"":1487,\""type\"":13},[]]""]}",1.7571624676292574,True,0.18800000002374873,0.17195560003165156,115.0,False,0.0470000000204891,0.10899999999674037,0.10899999999674037,0.10899999999674037,0.0,first,1,1
8,23,2,0,mega_starmie,"{""kind"":""card"",""parts"":[""[1,{\""playerIndex\"":1,\""type\"":3},[[5,{\""appearThisTurn\"":false,\""energies\"":[],\""energyCards\"":[],\""hp\"":70,\""id\"":1030,\""maxHp\"":70,\""playerIndex\"":1,\""preEvolution\"":[],\""tools\"":[]}]]]""]}",1.1105003748788378,False,0.1559999999590218,0.15603939996799454,115.0,False,0.046999999962281436,0.10899999999674037,0.015000000013969839,0.015000000013969839,0.09399999998277053,widening,,0
8,24,2,0,mega_starmie,"{""kind"":""card"",""parts"":[""[{\""area\"":6,\""index\"":0,\""playerIndex\"":0,\""type\"":3},[]]""]}",1.9766666666666666,False,0.18800000002374873,0.1796205000136979,115.0,False,0.031000000017229468,0.14100000000325963,0.03200000000651926,0.03200000000651926,0.10899999999674037,widening,,0
8,25,2,1,mega_starmie,"{""kind"":""card"",""parts"":[""[1,{\""playerIndex\"":1,\""type\"":3},[[5,{\""appearThisTurn\"":false,\""energies\"":[],\""energyCards\"":[],\""hp\"":70,\""id\"":1030,\""maxHp\"":70,\""playerIndex\"":1,\""preEvolution\"":[],\""tools\"":[]}]]]""]}",0.0765265493433882,True,5.592999999993481,5.466052700008731,115.0,False,0.0,5.452999999979511,5.452999999979511,5.452999999979511,0.0,widening,,0
8,26,3,1,mega_starmie,"{""kind"":""evolve"",""parts"":[""[1,{\""type\"":9},[[2,{\""id\"":1031,\""playerIndex\"":1}],[4,{\""appearThisTurn\"":false,\""energies\"":[],\""energyCards\"":[],\""hp\"":70,\""id\"":1030,\""maxHp\"":70,\""playerIndex\"":1,\""preEvolution\"":[],\""tools\"":[]}]]]""]}",2.6711288251657734,True,1.2820000000065193,1.2426122999750078,115.0,False,0.3119999999762513,0.9220000000204891,0.3600000000442378,0.3600000000442378,0.5619999999762513,first,1,3
8,27,3,1,mega_starmie,"{""kind"":""attach"",""parts"":[""[1,{\""type\"":8},[[2,{\""id\"":3,\""playerIndex\"":1}],[4,{\""appearThisTurn\"":true,\""energies\"":[],\""energyCards\"":[],\""hp\"":330,\""id\"":1031,\""maxHp\"":330,\""playerIndex\"":1,\""preEvolution\"":[{\""id\"":1030,\""playerIndex\"":1}],\""tools\"":[]}]]]""]}",2.7477515363359304,True,0.34299999999348074,0.33937439997680485,115.0,False,0.10899999999674037,0.23399999999674037,0.21899999998277053,0.21899999998277053,0.015000000013969839,first,2,2
8,28,3,1,mega_starmie,"{""kind"":""attack"",""parts"":[""[1,{\""attackId\"":1487,\""type\"":13},[]]""]}",1.5681151726995668,True,0.0470000000204891,0.05875999998534098,115.0,False,0.01600000000325963,0.031000000017229468,0.031000000017229468,0.031000000017229468,0.0,first,1,1
8,29,3,1,mega_starmie,"{""kind"":""card"",""parts"":[""[0,{\""playerIndex\"":0,\""type\"":3},[[5,{\""appearThisTurn\"":false,\""energies\"":[],\""energyCards\"":[],\""hp\"":70,\""id\"":1030,\""maxHp\"":70,\""playerIndex\"":0,\""preEvolution\"":[],\""tools\"":[]}]]]""]}",1.518972411872464,True,1.1719999999622814,0.9954475000267848,115.0,False,0.0,0.9690000000409782,0.9690000000409782,0.9690000000409782,0.0,widening,,0
8,30,4,0,mega_starmie,"{""kind"":""attach"",""parts"":[""[0,{\""type\"":8},[[2,{\""id\"":17,\""playerIndex\"":0}],[4,{\""appearThisTurn\"":false,\""energies\"":[3],\""energyCards\"":[{\""id\"":3,\""playerIndex\"":0}],\""hp\"":210,\""id\"":1031,\""maxHp\"":330,\""playerIndex\"":0,\""preEvolution\"":[{\""id\"":1030,\""playerIndex\"":0}],\""tools\"":[]}]]]""]}",6.995527746027498,True,9.03100000001723,8.847791599982884,115.0,False,0.34299999999348074,8.5,3.2820000000065193,3.2820000000065193,5.217999999993481,widening,,1
8,31,4,0,mega_starmie,"{""kind"":""play"",""parts"":[""[0,{\""type\"":7},[[2,{\""id\"":1223,\""playerIndex\"":0}]]]""]}",6.2874102070008675,True,3.1869999999762513,3.1370232999906875,115.0,False,0.28100000001722947,2.8290000000270084,0.40700000000651926,0.40700000000651926,2.422000000020489,widening,,1
8,32,4,0,mega_starmie,"{""kind"":""attack"",""parts"":[""[0,{\""attackId\"":1488,\""type\"":13},[]]""]}",6.220699095889756,True,0.2190000000409782,0.21123139996780083,115.0,False,0.07900000002700835,0.125,0.061999999976251274,0.061999999976251274,0.06300000002374873,first,,1
8,33,5,1,mega_starmie,"{""kind"":""play"",""parts"":[""[1,{\""type\"":7},[[2,{\""id\"":1189,\""playerIndex\"":1}]]]""]}",8.605641533853156,False,22.85999999998603,22.113751699973363,115.0,False,0.29699999996228144,21.81300000002375,12.76600000000326,12.76600000000326,9.047000000020489,widening,,1
8,34,5,1,mega_starmie,"{""kind"":""card"",""parts"":[""[{\""playerIndex\"":1,\""type\"":3},[[1,{\""id\"":1031,\""playerIndex\"":1}]]]""]}",8.77647525590297,True,3.0929999999934807,2.948986299976241,115.0,False,0.29699999996228144,2.625,1.8589999999967404,1.8589999999967404,0.7660000000032596,widening,,0
8,35,5,1,mega_starmie,"{""kind"":""card"",""parts"":[""[1,{\""playerIndex\"":1,\""type\"":3},[[5,{\""appearThisTurn\"":false,\""energies\"":[],\""energyCards\"":[],\""hp\"":20,\""id\"":1030,\""maxHp\"":70,\""playerIndex\"":1,\""preEvolution\"":[],\""tools\"":[]}]]]""]}",8.363142044057238,True,2.0630000000237487,1.9714236000436358,115.0,False,0.28200000000651926,1.6869999999762513,0.9679999999934807,0.9679999999934807,0.7189999999827705,widening,,0
8,36,5,1,mega_starmie,"{""kind"":""attach"",""parts"":[""[1,{\""type\"":8},[[2,{\""id\"":17,\""playerIndex\"":1}],[4,{\""appearThisTurn\"":false,\""energies\"":[3],\""energyCards\"":[{\""id\"":3,\""playerIndex\"":1}],\""hp\"":120,\""id\"":1031,\""maxHp\"":330,\""playerIndex\"":1,\""preEvolution\"":[{\""id\"":1030,\""playerIndex\"":1}],\""tools\"":[]}]]]""]}",8.12897486718649,True,1.25,1.2164755999692716,115.0,False,0.26600000000325963,0.9220000000204891,0.8429999999934807,0.8429999999934807,0.07900000002700835,widening,,1
8,37,5,1,mega_starmie,"{""kind"":""attack"",""parts"":[""[1,{\""attackId\"":1488,\""type\"":13},[]]""]}",6.984414982626605,True,0.8439999999827705,0.7970420000492595,115.0,False,0.23500000004423782,0.5320000000065193,0.5,0.5,0.03200000000651926,first,,1
8,38,5,1,mega_starmie,"{""kind"":""card"",""parts"":[""[{\""area\"":6,\""index\"":0,\""playerIndex\"":1,\""type\"":3},[]]"",""[{\""area\"":6,\""index\"":1,\""playerIndex\"":1,\""type\"":3},[]]"",""[{\""area\"":6,\""index\"":2,\""playerIndex\"":1,\""type\"":3},[]]""]}",5.956489898989899,True,4.125,3.9262103000073694,115.0,False,0.15600000001722947,3.75,0.40700000000651926,0.40700000000651926,3.3429999999934807,widening,,0
8,39,5,0,mega_starmie,"{""kind"":""card"",""parts"":[""[0,{\""playerIndex\"":0,\""type\"":3},[[5,{\""appearThisTurn\"":false,\""energies\"":[],\""energyCards\"":[],\""hp\"":20,\""id\"":1030,\""maxHp\"":70,\""playerIndex\"":0,\""preEvolution\"":[],\""tools\"":[]}]]]""]}",3.8248200036358444,True,8.15600000001723,7.949818000022788,115.0,False,0.0,7.936999999976251,4.311999999976251,4.311999999976251,3.625,widening,,0
8,40,6,0,mega_starmie,"{""kind"":""play"",""parts"":[""[0,{\""type\"":7},[[2,{\""id\"":1122,\""playerIndex\"":0}]]]""]}",5.608943305707189,True,10.73399999999674,10.399823700019624,115.0,False,0.2970000000204891,10.077999999979511,6.188000000023749,6.188000000023749,3.889999999955762,first,1,2
8,41,6,0,mega_starmie,"{""kind"":""card"",""parts"":[""[0,{\""playerIndex\"":0,\""type\"":3},[[12,{\""id\"":1223,\""playerIndex\"":0}]]]""]}",5.6497758654980474,True,13.327999999979511,12.864307400013786,115.0,False,0.35999999998603016,12.48499999998603,7.5,7.5,4.98499999998603,widening,,0
8,42,6,0,mega_starmie,"{""kind"":""play"",""parts"":[""[0,{\""type\"":7},[[2,{\""id\"":1225,\""playerIndex\"":0}]]]""]}",5.641609972373855,True,3.172000000020489,3.0507408999837935,115.0,False,0.2970000000204891,2.75,2.155999999959022,2.155999999959022,0.5940000000409782,first,1,2
8,43,6,0,mega_starmie,"{""kind"":""card"",""parts"":[""[{\""playerIndex\"":0,\""type\"":3},[[1,{\""id\"":1031,\""playerIndex\"":0}]]]""]}",5.674942532164714,True,2.702999999979511,2.5932296999963,115.0,False,0.29699999996228144,2.2810000000172295,2.2810000000172295,2.2810000000172295,0.0,widening,,0
8,44,6,0,mega_starmie,"{""kind"":""card"",""parts"":[""[{\""playerIndex\"":0,\""type\"":3},[[1,{\""id\"":17,\""playerIndex\"":0}]]]""]}",5.674942532164714,True,1.672000000020489,1.6079464000067674,115.0,False,0.28200000000651926,1.312999999965541,0.75,0.75,0.5629999999655411,widening,,0
8,45,6,0,mega_starmie,"{""kind"":""evolve"",""parts"":[""[0,{\""type\"":9},[[2,{\""id\"":1031,\""playerIndex\"":0}],[4,{\""appearThisTurn\"":false,\""energies\"":[],\""energyCards\"":[],\""hp\"":20,\""id\"":1030,\""maxHp\"":70,\""playerIndex\"":0,\""preEvolution\"":[],\""tools\"":[]}]]]""]}",5.534943305707188,True,1.202999999979511,1.1583076000097208,115.0,False,0.26600000000325963,0.8910000000032596,0.75,0.75,0.14100000000325963,first,1,1
8,46,6,0,mega_starmie,"{""kind"":""attach"",""parts"":[""[0,{\""type\"":8},[[2,{\""id\"":3,\""playerIndex\"":0}],[4,{\""appearThisTurn\"":true,\""energies\"":[],\""energyCards\"":[],\""hp\"":280,\""id\"":1031,\""maxHp\"":330,\""playerIndex\"":0,\""preEvolution\"":[{\""id\"":1030,\""playerIndex\"":0}],\""tools\"":[]}]]]""]}",5.707073420758196,True,0.8130000000237487,0.7798666000016965,115.0,False,0.2029999999795109,0.5470000000204891,0.5310000000172295,0.5310000000172295,0.01600000000325963,widening,,0
8,47,6,0,mega_starmie,"{""kind"":""attack"",""parts"":[""[0,{\""attackId\"":1487,\""type\"":13},[]]""]}",2.5153158450006208,True,0.48399999999674037,0.4761636999901384,115.0,False,0.09399999998277053,0.375,0.375,0.375,0.0,first,1,1
8,48,6,0,mega_starmie,"{""kind"":""card"",""parts"":[""[1,{\""playerIndex\"":1,\""type\"":3},[[5,{\""appearThisTurn\"":false,\""energies\"":[],\""energyCards\"":[],\""hp\"":280,\""id\"":1031,\""maxHp\"":330,\""playerIndex\"":1,\""preEvolution\"":[{\""id\"":1030,\""playerIndex\"":1}],\""tools\"":[]}]]]""]}",2.7372024905841923,True,5.796999999962281,5.527256399975158,115.0,False,0.17199999996228144,5.344000000040978,2.469000000040978,2.469000000040978,2.875,widening,,0
8,49,6,0,mega_starmie,"{""kind"":""card"",""parts"":[""[{\""area\"":6,\""index\"":0,\""playerIndex\"":0,\""type\"":3},[]]"",""[{\""area\"":6,\""index\"":1,\""playerIndex\"":0,\""type\"":3},[]]"",""[{\""area\"":6,\""index\"":2,\""playerIndex\"":0,\""type\"":3},[]]""]}",4.3544497145366705,True,3.0310000000172295,2.8849717999692075,115.0,False,0.0470000000204891,2.8119999999762513,0.42099999997299165,0.42099999997299165,2.3910000000032596,widening,,0
8,50,6,1,mega_starmie,"{""kind"":""card"",""parts"":[""[1,{\""playerIndex\"":1,\""type\"":3},[[5,{\""appearThisTurn\"":false,\""energies\"":[],\""energyCards\"":[],\""hp\"":70,\""id\"":1030,\""maxHp\"":70,\""playerIndex\"":1,\""preEvolution\"":[],\""tools\"":[]}]]]""]}",1.7143608417179323,True,5.125,5.009590099973138,115.0,False,0.0,5.0,2.6410000000032596,2.6410000000032596,2.3589999999967404,widening,,0
8,51,7,1,mega_starmie,"{""kind"":""play"",""parts"":[""[1,{\""type\"":7},[[2,{\""id\"":1225,\""playerIndex\"":1}]]]""]}",3.6615911223263544,True,2.0630000000237487,1.983881600026507,115.0,False,0.26600000000325963,1.702999999979511,1.702999999979511,1.702999999979511,0.0,first,3,4
8,52,7,1,mega_starmie,"{""kind"":""card"",""parts"":[""[{\""playerIndex\"":1,\""type\"":3},[[1,{\""id\"":1031,\""playerIndex\"":1}]]]""]}",3.744924428111479,True,2.139999999955762,2.072782000002917,115.0,False,0.2809999999590218,1.7810000000172295,0.8280000000377186,0.8280000000377186,0.9529999999795109,widening,,0
8,53,7,1,mega_starmie,"{""kind"":""card"",""parts"":[""[{\""playerIndex\"":1,\""type\"":3},[[1,{\""id\"":3,\""playerIndex\"":1}]]]""]}",3.744924428111479,True,0.9380000000237487,0.9086110999924131,115.0,False,0.28200000000651926,0.625,0.35899999999674037,0.35899999999674037,0.26600000000325963,widening,,0
8,54,7,1,mega_starmie,"{""kind"":""evolve"",""parts"":[""[1,{\""type\"":9},[[2,{\""id\"":1031,\""playerIndex\"":1}],[4,{\""appearThisTurn\"":false,\""energies\"":[],\""energyCards\"":[],\""hp\"":70,\""id\"":1030,\""maxHp\"":70,\""playerIndex\"":1,\""preEvolution\"":[],\""tools\"":[]}]]]""]}",3.694257788993021,True,0.5160000000032596,0.5098976999870501,115.0,False,0.25,0.25,0.2029999999795109,0.2029999999795109,0.0470000000204891,first,1,2
8,55,7,1,mega_starmie,"{""kind"":""attach"",""parts"":[""[1,{\""type\"":8},[[2,{\""id\"":3,\""playerIndex\"":1}],[4,{\""appearThisTurn\"":true,\""energies\"":[],\""energyCards\"":[],\""hp\"":330,\""id\"":1031,\""maxHp\"":330,\""playerIndex\"":1,\""preEvolution\"":[{\""id\"":1030,\""playerIndex\"":1}],\""tools\"":[]}]]]""]}",3.329521145331828,True,0.2029999999795109,0.2023505999823101,115.0,False,0.10899999999674037,0.09399999998277053,0.09399999998277053,0.09399999998277053,0.0,first,1,1
8,56,7,1,mega_starmie,"{""kind"":""attack"",""parts"":[""[1,{\""attackId\"":1487,\""type\"":13},[]]""]}",1.9420925739032566,True,0.09299999999348074,0.0756048999610357,115.0,False,0.01600000000325963,0.0470000000204891,0.0470000000204891,0.0470000000204891,0.0,first,1,1
8,57,,1,mega_starmie,"{""kind"":""forced_selection"",""parts"":[15]}",0.0,True,0.0,0.0017853999743238091,115.0,False,,0.0017853999743238091,,,,,,
8,58,8,0,mega_starmie,"{""kind"":""play"",""parts"":[""[0,{\""type\"":7},[[2,{\""id\"":1122,\""playerIndex\"":0}]]]""]}",4.153382704007029,True,20.40700000000652,20.227193299971987,115.0,False,0.28200000000651926,19.90700000000652,14.76600000000326,14.76600000000326,5.14100000000326,first,1,2
8,59,8,0,mega_starmie,"{""kind"":""card"",""parts"":[""[0,{\""playerIndex\"":0,\""type\"":3},[[12,{\""id\"":1225,\""playerIndex\"":0}]]]""]}",4.299216778387193,True,19.89000000001397,19.67047770001227,115.0,False,0.31200000003445894,19.34399999998277,7.23399999999674,7.23399999999674,12.10999999998603,widening,,0
8,60,8,0,mega_starmie,"{""kind"":""play"",""parts"":[""[0,{\""type\"":7},[[2,{\""id\"":1229,\""playerIndex\"":0}]]]""]}",4.236716037340362,False,10.59399999998277,10.359507300017867,115.0,False,0.3279999999795109,10.01600000000326,0.6089999999967404,0.6089999999967404,9.40700000000652,first,1,2
8,61,,0,mega_starmie,"{""kind"":""forced_selection"",""parts"":[17]}",0.0,True,0.0,0.0013790999655611813,115.0,False,,0.0013790999655611813,,,,,,
8,62,8,0,mega_starmie,"{""kind"":""attach"",""parts"":[""[0,{\""type\"":8},[[2,{\""id\"":3,\""playerIndex\"":0}],[4,{\""appearThisTurn\"":false,\""energies\"":[],\""energyCards\"":[],\""hp\"":330,\""id\"":1031,\""maxHp\"":330,\""playerIndex\"":0,\""preEvolution\"":[{\""id\"":1030,\""playerIndex\"":0}],\""tools\"":[]}]]]""]}",2.8249835753154553,True,0.40600000001722947,0.40244640002492815,115.0,False,0.18700000003445894,0.2029999999795109,0.14100000000325963,0.14100000000325963,0.061999999976251274,first,1,2
8,63,8,0,mega_starmie,"{""kind"":""attack"",""parts"":[""[0,{\""attackId\"":1487,\""type\"":13},[]]""]}",1.6076660522588018,True,0.0779999999795109,0.08312129997648299,115.0,False,0.031000000017229468,0.046999999962281436,0.030999999959021807,0.030999999959021807,0.01600000000325963,first,1,1
8,64,,0,mega_starmie,"{""kind"":""forced_selection"",""parts"":[15]}",0.0,True,0.01600000000325963,0.0025963999796658754,115.0,False,,0.0025963999796658754,,,,,,
8,65,9,1,mega_starmie,"{""kind"":""play"",""parts"":[""[1,{\""type\"":7},[[2,{\""id\"":1225,\""playerIndex\"":1}]]]""]}",7.0352504022216555,True,3.89000000001397,3.7979045000392944,115.0,False,0.2970000000204891,3.48499999998603,3.48499999998603,3.48499999998603,0.0,widening,,1
8,66,9,1,mega_starmie,"{""kind"":""card"",""parts"":[""[{\""playerIndex\"":1,\""type\"":3},[[1,{\""id\"":666,\""playerIndex\"":1}]]]""]}",7.118583735554989,True,2.4380000000237487,2.3595535999629647,115.0,False,0.28200000000651926,2.0619999999762513,1.1089999999967404,1.1089999999967404,0.9529999999795109,widening,,0
8,67,9,1,mega_starmie,"{""kind"":""card"",""parts"":[""[{\""playerIndex\"":1,\""type\"":3},[[1,{\""id\"":17,\""playerIndex\"":1}]]]""]}",7.118583735554989,True,1.202999999979511,1.1709051000070758,115.0,False,0.2809999999590218,0.8910000000032596,0.5940000000409782,0.5940000000409782,0.29699999996228144,widening,,0
8,68,9,1,mega_starmie,"{""kind"":""attach"",""parts"":[""[1,{\""type\"":8},[[2,{\""id\"":17,\""playerIndex\"":1}],[4,{\""appearThisTurn\"":false,\""energies\"":[3],\""energyCards\"":[{\""id\"":3,\""playerIndex\"":1}],\""hp\"":210,\""id\"":1031,\""maxHp\"":330,\""playerIndex\"":1,\""preEvolution\"":[{\""id\"":1030,\""playerIndex\"":1}],\""tools\"":[]}]]]""]}",6.928583735554988,True,0.7029999999795109,0.6829046999919228,115.0,False,0.26500000001396984,0.3899999999557622,0.3119999999762513,0.3119999999762513,0.0779999999795109,widening,,1
8,69,9,1,mega_starmie,"{""kind"":""attack"",""parts"":[""[1,{\""attackId\"":1488,\""type\"":13},[]]""]}",6.220466196528358,True,0.375,0.3801109000341967,115.0,False,0.14100000000325963,0.21899999998277053,0.09399999998277053,0.09399999998277053,0.125,first,,1
8,70,10,0,mega_starmie,"{""kind"":""attach"",""parts"":[""[0,{\""type\"":8},[[2,{\""id\"":17,\""playerIndex\"":0}],[4,{\""appearThisTurn\"":false,\""energies\"":[3],\""energyCards\"":[{\""id\"":3,\""playerIndex\"":0}],\""hp\"":120,\""id\"":1031,\""maxHp\"":330,\""playerIndex\"":0,\""preEvolution\"":[{\""id\"":1030,\""playerIndex\"":0}],\""tools\"":[]}]]]""]}",102.59463728908273,False,15.40600000001723,15.120152999996208,115.0,False,0.34299999999348074,14.78200000000652,1.0160000000032596,1.0160000000032596,13.76600000000326,widening,,1
8,71,,0,mega_starmie,"{""kind"":""attack"",""parts"":[""[0,{\""attackId\"":1488,\""type\"":13},[]]""]}",0.0,True,0.0,0.013952500012237579,115.0,False,0.0,0.013952500012237579,,,,,,
8,72,,0,mega_starmie,"{""kind"":""card"",""parts"":[""[{\""area\"":6,\""index\"":0,\""playerIndex\"":0,\""type\"":3},[]]"",""[{\""area\"":6,\""index\"":1,\""playerIndex\"":0,\""type\"":3},[]]""]}",0.0,True,0.0,0.010754699993412942,115.0,False,0.0,0.010754699993412942,,,,,,
9,0,,0,mega_starmie,"{""kind"":""choose_start"",""parts"":[41]}",0.0,True,2.780999999959022,0.00015919998986646533,,False,,0.00015919998986646533,,,,,,
9,1,,1,mega_starmie,"{""kind"":""setup_active"",""parts"":[1]}",0.0,True,0.125,0.00019130000146105886,,False,,0.00019130000146105886,,,,,,
9,2,,0,mega_starmie,"{""kind"":""mulligan"",""parts"":[42]}",0.0,True,0.0,0.00021570001263171434,,False,,0.00021570001263171434,,,,,,
9,3,,0,mega_starmie,"{""kind"":""setup_active"",""parts"":[1]}",0.0,True,0.0,0.00016270001651719213,,False,,0.00016270001651719213,,,,,,
9,4,,1,mega_starmie,"{""kind"":""free_draw_count"",""parts"":[38]}",0.0,True,0.0,0.00017010001465678215,,False,,0.00017010001465678215,,,,,,
9,5,1,1,mega_starmie,"{""kind"":""play"",""parts"":[""[1,{\""type\"":7},[[2,{\""id\"":1122,\""playerIndex\"":1}]]]""]}",0.1326666666666667,True,0.0940000000409782,0.0884694000124,115.0,False,0.0,0.0470000000204891,0.0470000000204891,0.0470000000204891,0.0,first,1,1
9,6,1,1,mega_starmie,"{""kind"":""card"",""parts"":[""[1,{\""playerIndex\"":1,\""type\"":3},[[12,{\""id\"":1223,\""playerIndex\"":1}]]]""]}",0.3285,True,0.21899999998277053,0.20325719995889813,115.0,False,0.125,0.0470000000204891,0.0470000000204891,0.0470000000204891,0.0,widening,,0
9,7,1,1,mega_starmie,"{""kind"":""attach"",""parts"":[""[1,{\""type\"":8},[[2,{\""id\"":3,\""playerIndex\"":1}],[4,{\""appearThisTurn\"":true,\""energies\"":[],\""energyCards\"":[],\""hp\"":70,\""id\"":1030,\""maxHp\"":70,\""playerIndex\"":1,\""preEvolution\"":[],\""tools\"":[]}]]]""]}",0.21600000000000005,True,0.0470000000204891,0.05580569995800033,115.0,False,0.01600000000325963,0.031000000017229468,0.031000000017229468,0.031000000017229468,0.0,first,1,1
9,8,,1,mega_starmie,"{""kind"":""forced_selection"",""parts"":[0]}",0.0,True,0.014999999955762178,0.0027636000304482877,115.0,False,,0.0027636000304482877,,,,,,
9,9,,0,mega_starmie,"{""kind"":""play"",""parts"":[""[0,{\""type\"":7},[[2,{\""id\"":1121,\""playerIndex\"":0}]]]""]}",0.0,True,0.625,0.629204299999401,115.0,False,0.6089999999967404,0.629204299999401,,,,,,
9,10,,0,mega_starmie,"{""kind"":""card"",""parts"":[""[0,{\""playerIndex\"":0,\""type\"":3},[[2,{\""id\"":1097,\""playerIndex\"":0}]]]"",""[0,{\""playerIndex\"":0,\""type\"":3},[[2,{\""id\"":1122,\""playerIndex\"":0}]]]""]}",0.0,True,0.40700000000651926,0.39776729996083304,115.0,False,0.375,0.39776729996083304,,,,,,
9,11,,0,mega_starmie,"{""kind"":""card"",""parts"":[""[{\""playerIndex\"":0,\""type\"":3},[[1,{\""id\"":1030,\""playerIndex\"":0}]]]""]}",0.0,True,0.4220000000204891,0.4200750000309199,115.0,False,0.4220000000204891,0.4200750000309199,,,,,,
9,12,,0,mega_starmie,"{""kind"":""play"",""parts"":[""[0,{\""type\"":7},[[2,{\""id\"":1030,\""playerIndex\"":0}]]]""]}",0.0,True,0.28100000001722947,0.2852396999951452,115.0,False,0.28100000001722947,0.2852396999951452,,,,,,
9,13,,0,mega_starmie,"{""kind"":""play"",""parts"":[""[0,{\""type\"":7},[[2,{\""id\"":1145,\""playerIndex\"":0}]]]""]}",0.0,True,0.3119999999762513,0.3014110999647528,115.0,False,0.28200000000651926,0.3014110999647528,,,,,,
9,14,,0,mega_starmie,"{""kind"":""card"",""parts"":[""[{\""playerIndex\"":0,\""type\"":3},[[1,{\""id\"":1031,\""playerIndex\"":0}]]]""]}",0.0,True,0.26600000000325963,0.2681208000285551,115.0,False,0.26600000000325963,0.2681208000285551,,,,,,
9,15,,0,mega_starmie,"{""kind"":""attach"",""parts"":[""[0,{\""type\"":8},[[2,{\""id\"":17,\""playerIndex\"":0}],[5,{\""appearThisTurn\"":true,\""energies\"":[],\""energyCards\"":[],\""hp\"":70,\""id\"":1030,\""maxHp\"":70,\""playerIndex\"":0,\""preEvolution\"":[],\""tools\"":[]}]]]""]}",0.0,True,0.18699999997625127,0.18425120000028983,115.0,False,0.17099999997299165,0.18425120000028983,,,,,,
9,16,,0,mega_starmie,"{""kind"":""play"",""parts"":[""[0,{\""type\"":7},[[2,{\""id\"":1189,\""playerIndex\"":0}]]]""]}",0.0,True,0.07900000002700835,0.08259389997692779,115.0,False,0.06300000002374873,0.08259389997692779,,,,,,
9,17,,0,mega_starmie,"{""kind"":""card"",""parts"":[""[{\""playerIndex\"":0,\""type\"":3},[[1,{\""id\"":1031,\""playerIndex\"":0}]]]""]}",0.0,True,0.046999999962281436,0.04450429999269545,115.0,False,0.046999999962281436,0.04450429999269545,,,,,,
9,18,,0,mega_starmie,"{""kind"":""forced_selection"",""parts"":[18]}",0.0,True,0.0,0.002921000006608665,115.0,False,,0.002921000006608665,,,,,,
9,19,,0,mega_starmie,"{""kind"":""retreat"",""parts"":[""[0,{\""type\"":12},[]]""]}",0.0,True,0.031000000017229468,0.02410260000033304,115.0,False,0.031000000017229468,0.02410260000033304,,,,,,
9,20,,0,mega_starmie,"{""kind"":""forced_selection"",""parts"":[3]}",0.0,True,0.0,0.005252200004179031,115.0,False,,0.005252200004179031,,,,,,
9,21,,0,mega_starmie,"{""kind"":""attack"",""parts"":[""[0,{\""attackId\"":1488,\""type\"":13},[]]""]}",0.0,True,0.01600000000325963,0.014650999975856394,115.0,False,0.01600000000325963,0.014650999975856394,,,,,,
9,22,,0,mega_starmie,"{""kind"":""card"",""parts"":[""[{\""area\"":6,\""index\"":0,\""playerIndex\"":0,\""type\"":3},[]]""]}",0.0,True,0.01600000000325963,0.012540699972305447,115.0,False,0.01600000000325963,0.012540699972305447,,,,,,
10,0,,0,mega_starmie,"{""kind"":""choose_start"",""parts"":[41]}",0.0,True,2.7969999999622814,0.00015699997311457992,,False,,0.00015699997311457992,,,,,,
10,1,,1,mega_starmie,"{""kind"":""mulligan"",""parts"":[42]}",0.0,True,0.09299999999348074,0.00019970000721514225,,False,,0.00019970000721514225,,,,,,
10,2,,1,mega_starmie,"{""kind"":""setup_active"",""parts"":[1]}",0.0,True,0.0,0.00014859996736049652,,False,,0.00014859996736049652,,,,,,
10,3,,0,mega_starmie,"{""kind"":""setup_active"",""parts"":[1]}",0.0,True,0.0,0.00019639998208731413,,False,,0.00019639998208731413,,,,,,
10,4,,1,mega_starmie,"{""kind"":""free_draw_count"",""parts"":[38]}",0.0,True,0.0,0.00014399999054148793,,False,,0.00014399999054148793,,,,,,
10,5,1,1,mega_starmie,"{""kind"":""play"",""parts"":[""[1,{\""type\"":7},[[2,{\""id\"":1122,\""playerIndex\"":1}]]]""]}",0.08790476190476178,True,0.5160000000032596,0.49907349998829886,115.0,False,0.01600000000325963,0.4380000000237487,0.4380000000237487,0.4380000000237487,0.0,first,2,2
10,6,1,1,mega_starmie,"{""kind"":""card"",""parts"":[""[1,{\""playerIndex\"":1,\""type\"":3},[[12,{\""id\"":1229,\""playerIndex\"":1}]]]""]}",0.17123809523809513,True,0.1720000000204891,0.16430910001508892,115.0,False,0.07800000003771856,0.09399999998277053,0.0779999999795109,0.0779999999795109,0.01600000000325963,widening,,0
10,7,1,1,mega_starmie,"{""kind"":""play"",""parts"":[""[1,{\""type\"":7},[[2,{\""id\"":1145,\""playerIndex\"":1}]]]""]}",0.04457142857142837,True,0.35899999999674037,0.3527285000309348,115.0,False,0.15600000001722947,0.18799999996554106,0.18799999996554106,0.18799999996554106,0.0,first,1,1
10,8,1,1,mega_starmie,"{""kind"":""card"",""parts"":[""[{\""playerIndex\"":1,\""type\"":3},[[1,{\""id\"":1031,\""playerIndex\"":1}]]]""]}",0.7112380952380951,True,0.06300000002374873,0.05643549998058006,115.0,False,0.01600000000325963,0.031000000017229468,0.031000000017229468,0.031000000017229468,0.0,widening,,0
10,9,1,1,mega_starmie,"{""kind"":""attach"",""parts"":[""[1,{\""type\"":8},[[2,{\""id\"":3,\""playerIndex\"":1}],[4,{\""appearThisTurn\"":true,\""energies\"":[],\""energyCards\"":[],\""hp\"":160,\""id\"":666,\""maxHp\"":160,\""playerIndex\"":1,\""preEvolution\"":[],\""tools\"":[]}]]]""]}",0.7112380952380951,True,0.061999999976251274,0.023748199979308993,115.0,False,0.014999999955762178,0.0,0.0,0.0,0.0,first,1,1
10,10,,1,mega_starmie,"{""kind"":""forced_selection"",""parts"":[0]}",0.0,True,0.0,0.0014341000351123512,115.0,False,,0.0014341000351123512,,,,,,
10,11,,0,mega_starmie,"{""kind"":""play"",""parts"":[""[0,{\""type\"":7},[[2,{\""id\"":1189,\""playerIndex\"":0}]]]""]}",0.0,True,0.3279999999795109,0.3148297000443563,115.0,False,0.2970000000204891,0.3148297000443563,,,,,,
10,12,,0,mega_starmie,"{""kind"":""card"",""parts"":[""[{\""playerIndex\"":0,\""type\"":3},[[1,{\""id\"":1031,\""playerIndex\"":0}]]]""]}",0.0,True,0.07900000002700835,0.08206750004319474,115.0,False,0.07900000002700835,0.08206750004319474,,,,,,
10,13,,0,mega_starmie,"{""kind"":""forced_selection"",""parts"":[18]}",0.0,True,0.0,0.0030917999683879316,115.0,False,,0.0030917999683879316,,,,,,
10,14,,0,mega_starmie,"{""kind"":""attach"",""parts"":[""[0,{\""type\"":8},[[2,{\""id\"":3,\""playerIndex\"":0}],[4,{\""appearThisTurn\"":true,\""energies\"":[],\""energyCards\"":[],\""hp\"":330,\""id\"":1031,\""maxHp\"":330,\""playerIndex\"":0,\""preEvolution\"":[{\""id\"":1030,\""playerIndex\"":0}],\""tools\"":[]}]]]""]}",0.0,True,0.045999999972991645,0.0378709000069648,115.0,False,0.030999999959021807,0.0378709000069648,,,,,,
10,15,,0,mega_starmie,"{""kind"":""attack"",""parts"":[""[0,{\""attackId\"":1487,\""type\"":13},[]]""]}",0.0,True,0.01600000000325963,0.024192099983338267,115.0,False,0.01600000000325963,0.024192099983338267,,,,,,
10,16,,0,mega_starmie,"{""kind"":""card"",""parts"":[""[{\""area\"":6,\""index\"":0,\""playerIndex\"":0,\""type\"":3},[]]""]}",0.0,True,0.015000000013969839,0.02077639999333769,115.0,False,0.015000000013969839,0.02077639999333769,,,,,,
